journal	created	deposited	published.online	doi	indexed	issn	issue	issued	member	prefix	publisher	score	source	reference.count	references.count	is.referenced.by.count	subject	title	type	url	volume	short.container.title	published.print	language	page	update.policy	archive	subtitle	archive_	na.	author.names	published_on	citations	is_oa	CiteScore	SJR	WebQualis
Acta Scientiarum. Biological Sciences	2014-02-13	2014-02-13	2014-02-13	10.4025/actascibiolsci.v36i1.16757	2022-04-05	1807-863X,1679-9283	1	2014-02-13	2451	10.4025	Universidade Estadual de Maringa	1	Crossref	0	0	1	General Agricultural and Biological Sciences,General Biochemistry, Genetics and Molecular Biology	&lt;b&gt;Influence of the number of feeding environments on the performance of bullfrog tadpoles&lt;/b&gt; - doi: 10.4025/actascibiolsci.v36i1.16757	journal-article	http://dx.doi.org/10.4025/actascibiolsci.v36i1.16757	36	Acta Sci. Biol. Sci.	NA	NA	NA	NA	NA	NA	NA	NA	Airton Antonio Castagna, José Teixeira Seixas Filho, Eliane Rodrigues, Sílvia Conceição Reis Pereira Mello, Jorge Luiz Pereira Lima, Marcelo Maia Pereira	2014	0	TRUE	0.9	0.201	B2
Acta Scientiarum. Biological Sciences	2013-12-19	2013-12-19	2013-12-18	10.4025/actascibiolsci.v35i4.15981	2022-04-07	1807-863X,1679-9283	4	2013-12-18	2451	10.4025	Universidade Estadual de Maringa	1	Crossref	0	0	2	General Agricultural and Biological Sciences,General Biochemistry, Genetics and Molecular Biology	&lt;b&gt;Liver histopathological changes in breeding bullfrogs&lt;/b&gt; - doi: 10.4025/actascibiolsci.v35i4.15981	journal-article	http://dx.doi.org/10.4025/actascibiolsci.v35i4.15981	35	Acta Sci. Biol. Sci.	NA	NA	NA	NA	NA	NA	NA	NA	José Teixeira de Seixas Filho, Márcio Hipólito, Marcelo Maia Pereira, Ana Maria C. R. Pinto da Fonseca Martins, Eliane Rodrigues, Sílvia Conceição Reis Pereira Mello	2013	2	TRUE	0.9	0.201	B2
Semioses	2019-09-25	2019-09-25	2019-09-24	10.15202/1981996x.2019v13n3p76-86	2022-04-01	1981-996X	3	2019-09-24	7456	10.15202	Sociedade Unificada de Ensino Augusto Motta -UNISUAM	1	Crossref	0	0	0	General Medicine	A QUARTA REVOLUÇÃO INDUSTRIAL SOB O TRIPÉ DA SUSTENTABILIDADE	journal-article	http://dx.doi.org/10.15202/1981996x.2019v13n3p76-86	13	Semioses	NA	NA	76-86	NA	NA	NA	NA	NA	Meline Melegario Lima, Maria Geralda De Miranda, Patricia Maria Dusek, Kátia Eliane Santos Avelar	2019	0	FALSE	NA	NA	B3
Revista Brasileira de Política e Administração da Educação - Periódico científico editado pela ANPAE	2019-09-03	2019-09-03	2019-08-27	10.21573/vol35n22019.91228	2022-04-01	2447-4193,1678-166X	2	2019-08-27	9025	10.21573	Revista Brasileira de Politica e Administracao da Educacao - RBPAE	1	Crossref	0	0	0	Ocean Engineering,Safety, Risk, Reliability and Quality	A TRAJETÓRIA DA EDUCAÇÃO BRASILEIRA NO CONTEXTO ECONÔMICO	journal-article	http://dx.doi.org/10.21573/vol35n22019.91228	35	RBPAE	NA	NA	369	NA	NA	NA	NA	NA	ANDRÉA MARIA DE MELO COUTO DE OLIVEIRA, Patricia Maria Dusek, Kátia Eliane Santos Avelar	2019	0	TRUE	NA	NA	A1
Semioses	2016-09-23	2016-11-16	2016-09-23	10.15202/10.15202/1981-996x.2016v10n1p1	2022-03-29	1981-996X	1	2016-09-23	7456	10.15202	Sociedade Unificada de Ensino Augusto Motta -UNISUAM	1	Crossref	0	0	0	General Medicine	A UNIVERSIDADE RUMO À EDUCAÇÃO DO NOVO MILÊNIO, POR UMA FORMAÇÃO DOCENTE INTERDISCIPLINAR	journal-article	http://dx.doi.org/10.15202/10.15202/1981-996x.2016v10n1p1	10	NA	NA	NA	NA	NA	NA	NA	NA	NA	Silvia Helena Mousinho, Maria Geralda De Miranda	2016	0	TRUE	NA	NA	B3
Revista Augustus	2018-12-18	2018-12-18	2018-12-06	10.15202/1981896.2018v23n46p30	2022-10-10	1981-1896	46	2018-12-06	7456	10.15202	Sociedade Unificada de Ensino Augusto Motta -UNISUAM	1	Crossref	0	0	1	General Medicine	A VIOLÊNCIA SIMBÓLICA NA SOCIEDADE DO CANSAÇO DO SÉCULO XXI	journal-article	http://dx.doi.org/10.15202/1981896.2018v23n46p30	23	revistaaugustus	NA	NA	30-53	NA	NA	NA	NA	NA	Francisco Antonio Vieira Cordeiro, Reis Friede, Maria Geralda De Miranda	2018	1	FALSE	NA	NA	NA
Materials Science Forum	2015-06-26	2021-01-12	2015-06	10.4028/www.scientific.net/msf.820.419	2022-04-03	1662-9752	NA	2015-06	2457	10.4028	Trans Tech Publications, Ltd.	1	Crossref	17	17	5	Mechanical Engineering,Mechanics of Materials,Condensed Matter Physics,General Materials Science	Addition of Ornamental Stone Waste to Improve Distinct Formulations of Clayey Ceramics	journal-article	http://dx.doi.org/10.4028/www.scientific.net/msf.820.419	820	MSF	NA	NA	419-424	NA	NA	NA	NA	NA	Carlos Mauricio Fontes Vieira, Thiago Samarão Motta, Verônica Scarpini Cândido, Sergio Neves Monteiro	2015	5	FALSE	1.0	0.185	B3
Sport, Education and Society	2014-11-13	2019-08-17	2014-11-13	10.1080/13573322.2014.979145	2022-04-01	1357-3322,1470-1243	7	2014-11-13	301	10.1080	Informa UK Limited	1	Crossref	35	35	0	Education,Physical Therapy, Sports Therapy and Rehabilitation,Orthopedics and Sports Medicine	American influencies in Brazilian physical education: clues in the specialised periodical press (1932–1950)	journal-article	http://dx.doi.org/10.1080/13573322.2014.979145	21	Sport, Education and Society	2016-10-02	en	1053-1070	http://dx.doi.org/10.1080/tandf_crossmark_01	NA	NA	NA	NA	Omar Schneider, Amarílio Ferreira Neto, André da Silva Mello, Wagner dos Santos, Sebastião Josué Votre, Wallace Rocha Assunção	2014	0	FALSE	6.9	1.129	A1
Revista Valore	2023-05-16	2023-05-16	2021-01-07	10.22408/reva502020337e-5013	2023-05-17	2526-043X,2525-9008	NA	2021-01-07	9701	10.22408	Instituto de Cultura Tecnica Sociedade Civil Ltda	1	Crossref	0	0	0	Industrial and Manufacturing Engineering,Surfaces, Coatings and Films	ANÁLISE DA VIOLÊNCIA DOMÉSTICA NO AMBIENTE DA FAVELA	journal-article	http://dx.doi.org/10.22408/reva502020337e-5013	5	REVA	NA	NA	NA	NA	NA	NA	NA	NA	José Teixeira  de Seixas Filho, Flavia Miranda de Freitas Xerfan, Sílvia Conceição Reis Pereira Mello, Patrícia Maria Dusek	2021	0	TRUE	NA	NA	B2
Semioses	2017-10-30	2017-10-30	2017-10-27	10.15202/1981996x.2017v11n2p64	2022-03-31	1981-996X	2	2017-10-27	7456	10.15202	Sociedade Unificada de Ensino Augusto Motta -UNISUAM	1	Crossref	0	0	0	General Medicine	ANÁLISE NUMÉRICA DOS ESFORÇOS AERODINÂMICOS PROVENIENTES DE FURACÕES SOBREPAINEIS FOTOVOLTAICOS EXISTENTES NOS ESTADOS UNIDOS DA AMÉRICA	journal-article	http://dx.doi.org/10.15202/1981996x.2017v11n2p64	11	NA	NA	NA	NA	NA	NA	NA	NA	NA	Katherine Bittencourt Mendes Leitão, Andre Luiz Tenório Rezende, Neelkanth Gurupad Dhere	2017	0	TRUE	NA	NA	B3
Revista Augustus	2016-06-22	2016-06-22	2016-06-20	10.15202/19811896.2016v21n41p40	2022-03-30	1981-1896,1415-398X	41	2016-06-20	7456	10.15202	Sociedade Unificada de Ensino Augusto Motta -UNISUAM	1	Crossref	0	0	0	General Medicine	APLICATIVO FAST WAY: PROPOSTA PARA MOBILIDADE URBANA	journal-article	http://dx.doi.org/10.15202/19811896.2016v21n41p40	21	Rev. Augustus	NA	NA	NA	NA	NA	NA	NA	NA	Denilson Estevam de Oliveira, Everton Rangel Bispo, Marcelo Azevedo Neves, Verônica Scarpini Cândido	2016	0	TRUE	NA	NA	NA
Sustainability in Debate	2015-12-24	2022-09-16	2015-12-23	10.18472/sustdeb.v6n3.2015.16105	2022-09-17	2179-9067,2177-7675	3	2015-12-23	7730	10.18472	Editora de Livros IABS	1	Crossref	0	0	3	Management, Monitoring, Policy and Law,Development	Aproveitamento Integral de Alimentos e o seu Impacto na Saúde	journal-article	http://dx.doi.org/10.18472/sustdeb.v6n3.2015.16105	6	SustDeb	NA	NA	131-143	NA	NA	NA	NA	NA	Fabiane Toste Cardoso, Silvana Camello Fróes, Reis Friede, Maria Geralda De Miranda, Carla Junqueira Chagas, Kátia Eliane Santos Avelar	2015	3	TRUE	0.8	0.202	B2
Semioses	2017-10-30	2017-10-30	2017-10-27	10.15202/1981996x.2017v11n2p28	2022-04-02	1981-996X	2	2017-10-27	7456	10.15202	Sociedade Unificada de Ensino Augusto Motta -UNISUAM	1	Crossref	0	0	1	General Medicine	ASPECTOS DA AQUICULTURA E SUA IMPORTÂNCIA NA PRODUÇÃO DE ALIMENTOS DE ALTO VALOR BIOLÓGICO	journal-article	http://dx.doi.org/10.15202/1981996x.2017v11n2p28	11	NA	NA	NA	NA	NA	NA	NA	NA	NA	Silvia Conceição Reis Pereira Mello, Elaine Da Conceição Pinto de Oliveira, Jose Teixeira de Seixas Filho	2017	1	FALSE	NA	NA	B3
Materials Science Forum	2015-06-26	2021-01-12	2015-06	10.4028/www.scientific.net/msf.820.449	2022-03-31	1662-9752	NA	2015-06	2457	10.4028	Trans Tech Publications, Ltd.	1	Crossref	25	25	0	Mechanical Engineering,Mechanics of Materials,Condensed Matter Physics,General Materials Science	Assessment of the Technological Properties of High Temperature Fired Clayey Ceramics Incorporated with Glass Waste	journal-article	http://dx.doi.org/10.4028/www.scientific.net/msf.820.449	820	MSF	NA	NA	449-454	NA	NA	NA	NA	NA	Alline Sardinha Cordeiro Morais, Thais Mardegan Louzada, Veronica Scarpini Candido, Sergio Neves Monteiro, Carlos Mauricio Fontes Vieira	2015	0	FALSE	1.0	0.185	B3
International Journal of Cardiology	2017-03-01	2018-09-03	NA	10.1016/j.ijcard.2017.02.066	2022-03-30	0167-5273	NA	2017-08	78	10.1016	Elsevier BV	1	Crossref	30	30	6	Cardiology and Cardiovascular Medicine	Autoantibodies with beta-adrenergic activity from chronic chagasic patients induce cardiac arrhythmias and early afterdepolarization in a drug-induced LQT2 rabbit hearts	journal-article	http://dx.doi.org/10.1016/j.ijcard.2017.02.066	240	International Journal of Cardiology	2017-08	en	354-359	http://dx.doi.org/10.1016/elsevier_cm_policy	NA	NA	NA	NA	Marco Antonio Vidal Jiménez, José H.M. Nascimento, Gustavo Monnerat, Leonardo Maciel, Claudia N. Paiva, Roberto Coury Pedrosa, Antonio C. Campos de Carvalho, Emiliano Medei	2017	7	FALSE	7.0	1.122	A2
Journal of Materials Research and Technology	2019-12-23	2020-10-08	NA	10.1016/j.jmrt.2019.12.004	2023-06-17	2238-7854	2	2020-03	78	10.1016	Elsevier BV	1	Crossref	35	35	34	Metals and Alloys,Surfaces, Coatings and Films,Biomaterials,Ceramics and Composites	Ballistic behavior of epoxy matrix composites reinforced with piassava fiber against high energy ammunition	journal-article	http://dx.doi.org/10.1016/j.jmrt.2019.12.004	9	Journal of Materials Research and Technology	2020-03	en	1734-1741	http://dx.doi.org/10.1016/elsevier_cm_policy	NA	NA	NA	NA	Fabio Da Costa Garcia Filho, Michelle Souza Oliveira, Artur Camposo Pereira, Lucio Fabio Cassiano Nascimento, José Ricardo Gomes Matheus, Sergio Neves Monteiro	2020	34	TRUE	8.5	1.05	A1
Revista Virtual de Química	2014-08-01	2016-11-28	NA	10.5935/1984-6835.20130018	2022-04-04	1984-6835	2	2013	9021	10.21577	Sociedade Brasileira de Quimica (SBQ)	1	Crossref	0	0	4	General Chemistry	Biogenic Amines: A Public Health Problem	journal-article	http://dx.doi.org/10.5935/1984-6835.20130018	5	NA	2013	en	NA	NA	NA	NA	NA	NA	M. Cardozo, K. S. C. Lima, T. C. C. França, A. L. S. Lima	2013	4	TRUE	0.7	0.151	B2
Arquivos Brasileiros de Cardiologia	2017-11-07	2021-03-05	NA	10.5935/abc.20170176	2023-01-09	0066-782X	NA	2017	22636	10.36660	Sociedade Brasileira de Cardiologia	1	Crossref	0	0	6	Cardiology and Cardiovascular Medicine	Bone-Marrow-Derived Mesenchymal Stromal Cells (MSC) from Diabetic and Nondiabetic Rats Have Similar Therapeutic Potentials	journal-article	http://dx.doi.org/10.5935/abc.20170176	NA	NA	2017	en	NA	NA	NA	NA	NA	NA	Vitória Santório de São José, Gustavo Monnerat, Barbara Guerra, Bruno Dias Paredes, Tais Hanae Kasai-Brunswick, Antonio Carlos Campos de Carvalho, Emiliano Medei	2017	6	TRUE	3.4	0.359	B2
Perceptual and Motor Skills	2018-04-10	2018-04-10	2018-04-09	10.1177/0031512518767755	2022-04-14	0031-5125,1558-688X	NA	2018-04-09	179	10.1177	SAGE Publications	1	Crossref	46	46	2	Sensory Systems,Experimental and Cognitive Psychology	Brazilian Portuguese Version of the Amputee Body Image Scale: Cultural Adaptation and a Psychometric Analysis	journal-article	http://dx.doi.org/10.1177/0031512518767755	NA	Percept Mot Skills	NA	en	003151251876775	http://dx.doi.org/10.1177/sage-journals-update-policy	NA	NA	NA	NA	Lucilene Ferreira, Alinne G. M. Meregui, Miriam R. M. Mainenti, Patrícia S. Vigário, Angela N. Neves	2018	2	FALSE	2.8	0.465	B1
Interações (Campo Grande)	2017-05-30	2020-09-09	2017-05-30	10.20435/inter.v18i2.1410	2022-06-14	1984-042X	NA	2017-05-30	8337	10.20435	Universidade Catolica Dom Bosco	1	Crossref	0	0	6	NA	Cadê a minha cidade, ou o impacto da tragédia da Samarco na vida dos moradores de Bento Rodrigues	journal-article	http://dx.doi.org/10.20435/inter.v18i2.1410	NA	Inter	NA	NA	3-12	NA	NA	NA	NA	NA	Maria Geralda Miranda, Reis Friede, Aline Cordeiro Rodrigues, Dafne Sampaio Almeida	2017	6	TRUE	NA	NA	A3
Revista Virtual de Química	2014-04-23	2016-11-28	NA	10.5935/1984-6835.20140049	2022-03-31	1984-6835	3	2014	9021	10.21577	Sociedade Brasileira de Quimica (SBQ)	1	Crossref	0	0	0	General Chemistry	CFD and Chemical Defense	journal-article	http://dx.doi.org/10.5935/1984-6835.20140049	6	NA	2014	en	NA	NA	NA	NA	NA	NA	Ardson S. Vianna Jr., Fábio C. S. de Siqueira, Leandro R. Quintal, Antônio Luiz S. Lima	2014	0	TRUE	0.7	0.151	B2
Materials Science Forum	2015-06-26	2021-01-12	2015-06	10.4028/www.scientific.net/msf.820.438	2022-03-31	1662-9752	NA	2015-06	2457	10.4028	Trans Tech Publications, Ltd.	1	Crossref	10	10	0	Mechanical Engineering,Mechanics of Materials,Condensed Matter Physics,General Materials Science	Characterization of Precursor Clay Body and Weibull Analysis of the Compressive Strength of Structural Blocks	journal-article	http://dx.doi.org/10.4028/www.scientific.net/msf.820.438	820	MSF	NA	NA	438-442	NA	NA	NA	NA	NA	Neila Gondim Azeredo, Jonas Alexandre, Afonso Rangel Garcez de Azevedo, Gustavo de Castro Xavier, Veronica Scarpini Candido, Sergio Neves Monteiro	2015	0	FALSE	1.0	0.185	B3
Journal of Medicinal Plants Research	2014-11-06	2020-08-26	2014-06-10	10.5897/jmpr2013.4425	2022-12-16	1996-0875	22	2014-06-10	3908	10.5897	Academic Journals	1	Crossref	26	26	8	Complementary and alternative medicine,Plant Science,Drug Discovery,Pharmaceutical Science,Pharmacology	Chemical composition and antinociceptive activity of the essential oil of Piper mollicomum and Piper rivinoides	journal-article	http://dx.doi.org/10.5897/jmpr2013.4425	8	J. Med. Plants Res.	NA	NA	788-793	http://dx.doi.org/10.5897/crossmark_policy	NA	NA	NA	NA	P. de Souza Stefnia, S. Valverde Simone, F. Costa Nathalia, S. Calheiros Andrea, S. C. Lima Keila, S. Frutuoso Valber, L. S. Lima Antnio	2014	8	TRUE	NA	NA	B3
Applied Clay Science	2016-07-10	2019-08-10	NA	10.1016/j.clay.2016.07.001	2023-06-28	0169-1317	NA	2016-11	78	10.1016	Elsevier BV	1	Crossref	58	58	49	Geochemistry and Petrology,Geology	Clay bricks added with effluent sludge from paper industry: Technical, economical and environmental benefits	journal-article	http://dx.doi.org/10.1016/j.clay.2016.07.001	132-133	Applied Clay Science	2016-11	en	753-759	http://dx.doi.org/10.1016/elsevier_cm_policy	NA	NA	NA	NA	Carlos Maurício F. Vieira, Regina M. Pinheiro, Ruben J. Sanchez Rodriguez, Veronica S. Candido, Sergio N. Monteiro	2016	49	FALSE	10.8	0.985	A1
Semioses	2016-11-11	2016-11-14	2016-11-14	10.15202/1981996x.2016v10n2p77	2022-04-03	1981-996X	2	2016-11-14	7456	10.15202	Sociedade Unificada de Ensino Augusto Motta -UNISUAM	1	Crossref	0	0	0	General Medicine	COLETA SELETIVA DE RESÍDUO SÓLIDO URBANO: UM COMPARATIVO ENTRE AS CIDADES DE BELO HORIZONTE E RIO DE JANEIRO	journal-article	http://dx.doi.org/10.15202/1981996x.2016v10n2p77	10	NA	NA	NA	NA	NA	NA	NA	NA	NA	Débora Coqui Coqui, Rodrigo Otavio De Souza, Roy Reis Friede	2016	0	TRUE	NA	NA	B3
Educação Formação	2019-05-01	2021-06-01	2019-05-01	10.25053/redufor.v4i11.924	2022-04-04	2448-3583	11 mai/ago	2019-05-01	10693	10.25053	Educacao e Formacao	1	Crossref	24	24	1	General Medicine	Coleta seletiva e educação ambiental: reciclar valores e reduzir o lixo	journal-article	http://dx.doi.org/10.25053/redufor.v4i11.924	4	Redufor	NA	pt	117-141	http://dx.doi.org/10.25053/retratacao	NA	NA	LOCKSS	LOCKSS	Reis Friede, Danielle Reis, Katia Avelar, Maria Geralda de Miranda	2019	1	TRUE	NA	NA	A3
International Journal of Engineering Research and Science	2017-12-10	2017-12-10	2017-11-30	10.25125/engineering-journal-ijoer-nov-2017-19	2023-05-15	2395-6992	11	2017-11-30	10749	10.25125	AD Publications	1	Crossref	0	0	5	Industrial and Manufacturing Engineering,Metals and Alloys,Strategy and Management,Mechanical Engineering	Comparison of Turbulence Models in the Flow over a Backward Facing Step	journal-article	http://dx.doi.org/10.25125/engineering-journal-ijoer-nov-2017-19	3	IJOER	NA	NA	88-93	NA	NA	NA	NA	NA	Priscila Pires Araujo, André Luiz Tenório Rezende	2017	5	TRUE	NA	NA	C
Semioses	2018-09-06	2018-09-06	2018-07-27	10.15202/1981996x.2018v12n2p51	2022-03-30	1981-996X	2	2018-07-27	7456	10.15202	Sociedade Unificada de Ensino Augusto Motta -UNISUAM	1	Crossref	0	0	0	General Medicine	CONHECIMENTO DE ESTUDANTES DA EDUCAÇÃO BÁSICA SOBRE IGUALDADE DE GÊNERO	journal-article	http://dx.doi.org/10.15202/1981996x.2018v12n2p51	12	Semioses	NA	NA	51-66	NA	NA	NA	NA	NA	Renata Corrêa Sinimbú Gomes, Maria Geralda De Miranda, Patricia Maria Dusek, Kátia Eliane Santos Avelar	2018	0	FALSE	NA	NA	B3
Journal of Physical Education	2018-05-15	2018-05-15	2018	10.4025/jphyseduc.v29i1.2936	2023-03-27	2448-2455	1	2018	2451	10.4025	Universidade Estadual de Maringa	1	Crossref	0	0	3	Public Health, Environmental and Occupational Health,Education	CONTROLE POSTURAL DE ATLETAS COM DIFERENTES GRAUS DE  DEFICIÊNCIA VISUAL	journal-article	http://dx.doi.org/10.4025/jphyseduc.v29i1.2936	29	J Phys Educ	NA	NA	NA	NA	NA	NA	NA	NA	Claudemir do Nascimento Santos, Thiago Lemos de Carvalho, Lilian Ramiro Felício, Míriam Raquel  Meira Mainenti, Patrícia dos Santos Vigário	2018	3	TRUE	0.7	0.165	B1
Journal of the Brazilian Chemical Society	2014-05-14	2017-04-13	NA	10.5935/0103-5053.20140100	2022-03-31	0103-5053	NA	2014	9021	10.21577	Sociedade Brasileira de Quimica (SBQ)	1	Crossref	0	0	2	General Chemistry	Degradation of Phenylethylamine and Tyramine by Gamma Radiation Process and Docking Studies of its Radiolytes	journal-article	http://dx.doi.org/10.5935/0103-5053.20140100	NA	NA	2014	en	NA	NA	NA	NA	NA	NA	Monique Cardozo, Stefânia Priscila de Souza, Keila dos Santos Cople Lima, Aline Alves Oliveira, Cláudia Moraes Rezende, Tanos Celmar Costa França, Antonio Luis dos Santos Lima	2014	2	TRUE	3.8	0.316	A2
Revista PAGMAR (Online)	2015-12-11	2016-10-31	NA	10.4322/pagmar.2446-4791.2015.010	2022-04-03	2446-4791	4	2016	2869	10.4322	Editora Cubo	1	Crossref	0	0	0	General Medicine	Demografia e Estabilidade Ambiental	journal-article	http://dx.doi.org/10.4322/pagmar.2446-4791.2015.010	4	PAGMAR	2016	NA	82-84	NA	NA	NA	NA	NA	Reis Friede	2016	0	TRUE	NA	NA	B3
Ciência e Agrotecnologia	2016-02-20	2020-09-15	NA	10.1590/s1413-70542016000100006	2022-12-31	1413-7054	1	2016-02	530	10.1590	FapUNIFESP (SciELO)	1	Crossref	25	25	4	Soil Science,General Veterinary,Agronomy and Crop Science,Animal Science and Zoology,Food Science	Development of a water recirculating system for bullfrog production: technological innovation for small farmers	journal-article	http://dx.doi.org/10.1590/s1413-70542016000100006	40	Ciênc. agrotec.	2016-02	NA	67-75	NA	NA	NA	NA	NA	Sílvia Conceição Reis Pereira Mello, Roberto Rodrigues de Oliveira, Marcelo Maia Pereira, Eliane Rodrigues, Willian Nascimento Silva, José Teixeira de Seixas Filho	2016	4	TRUE	2.5	0.34	A2
Semioses	2017-10-31	2017-10-31	2017-10-27	10.15202/1981996x.2017v11n2p17	2022-12-31	1981-996X	2	2017-10-27	7456	10.15202	Sociedade Unificada de Ensino Augusto Motta -UNISUAM	1	Crossref	0	0	1	General Medicine	DIAGNÓSTICO DO PRODUTOR FAMILIAR: DESENVOLVIMENTO LOCAL PELO ASSOCIATIVISMO EM RANICULTURA NO MUNICÍPIO DE ITAGUAÍ NO ESTADO DO RIO DE JANEIRO	journal-article	http://dx.doi.org/10.15202/1981996x.2017v11n2p17	11	NA	NA	NA	NA	NA	NA	NA	NA	NA	Adian de Paula Francisco Almeida, Félix Gargia Lopez, José Teixeira de Seixas Filho	2017	1	FALSE	NA	NA	B3
Semioses	2017-12-20	2017-12-20	2017-12-20	10.15202/1981996x.2017v11n3p77	2022-04-05	1981-996X	3	2017-12-20	7456	10.15202	Sociedade Unificada de Ensino Augusto Motta -UNISUAM	1	Crossref	0	0	0	General Medicine	DISTRIBUIÇÃO FÍSICA DE GENES NO CROMOSSOMO COMO MÉTODO DE DIAGNÓSTICO	journal-article	http://dx.doi.org/10.15202/1981996x.2017v11n3p77	11	NA	NA	NA	NA	NA	NA	NA	NA	NA	Hugo Ribeiro, Daniela Ornellas, Iraci Leal, Zenildo Buarque de Moarais Filho, Silvana Daflon Castricini, Katia Eliane Santos Avelar, Rachel Santos de Menezes	2017	0	TRUE	NA	NA	B3
Semioses	2018-09-28	2019-09-12	2018-09-28	10.15202/1981996x.2018v12n3p93	2022-03-29	1981-996X	3	2018-09-28	7456	10.15202	Sociedade Unificada de Ensino Augusto Motta -UNISUAM	1	Crossref	0	0	0	General Medicine	DOENÇA DE CUSHING POR MACROADENOMA: RELATO DE CASO	journal-article	http://dx.doi.org/10.15202/1981996x.2018v12n3p93	12	Semioses	NA	NA	93-102	NA	NA	NA	NA	NA	Dara Galo Marques Salomé, Nathalia Gomes Da Silva, Marco Orsini, Eduardo Tavares Lima Trajano, Patricia Maria Dusek, José Teixeira De Seixas Filho	2018	0	TRUE	NA	NA	B3
Asian Journal of Sports Medicine	2018-03-11	2023-01-15	2018-03-11	10.5812/asjsm.63946	2023-01-16	2008-000X,2008-7209	1	2018-03-11	3819	10.5812	Briefland	1	Crossref	43	43	3	Orthopedics and Sports Medicine	Does the Kinesio Tape Provide more Knee Extensor Torque?	journal-article	http://dx.doi.org/10.5812/asjsm.63946	9	Asian J Sports Med	NA	NA	NA	http://dx.doi.org/10.5555/crossmark_policy	NA	NA	NA	NA	Mauricio dos Santos Soares, Agnaldo Jose Lopes, Patricia dos Santos Vigario, Marcio Puglia Souza, Helcio Figueiredo da Costa, Lilian Ramiro Felicio	2018	3	TRUE	1.0	0.183	B1
Materials Science Forum	2016-08-31	2021-01-12	2016-08	10.4028/www.scientific.net/msf.869.203	2022-04-04	1662-9752	NA	2016-08	2457	10.4028	Trans Tech Publications, Ltd.	1	Crossref	0	0	1	Mechanical Engineering,Mechanics of Materials,Condensed Matter Physics,General Materials Science	Dynamic-Mechanical Performance of Sponge Gourd Fiber Reinforced Polyester Composites	journal-article	http://dx.doi.org/10.4028/www.scientific.net/msf.869.203	869	MSF	NA	NA	203-208	NA	NA	NA	NA	NA	Verônica Scarpini Cândido, Michel Picanço Oliveira, Sergio Neves Monteiro	2016	1	FALSE	1.0	0.185	B3
Semioses	2017-12-28	2017-12-28	2017-12-26	10.15202/1981996x.2017v11n4p8	2022-04-04	1981-996X	4	2017-12-26	7456	10.15202	Sociedade Unificada de Ensino Augusto Motta -UNISUAM	1	Crossref	0	0	0	General Medicine	EDUCAÇÃO AMBIENTAL E INTERDISCIPLINARIDADE SABERES PRÁTICOS E TEÓRICOS NO PROCESSO DE ENSINO-APRENDIZAGEM	journal-article	http://dx.doi.org/10.15202/1981996x.2017v11n4p8	11	NA	NA	NA	NA	NA	NA	NA	NA	NA	Alexandre De Jesus Pereira, Reis Friede, Fábio Narduchi, Maria Geralda de Miranda	2017	0	TRUE	NA	NA	B3
Journal of Food Safety	2015-03-11	2021-07-06	2015-03-11	10.1111/jfs.12178	2022-12-21	0149-6085	3	2015-03-11	311	10.1111	Wiley	1	Crossref	26	26	9	Microbiology,Food Science,Parasitology	Efficacy of Ultraviolet-C Light to Eliminate <i>S</i>
                        <i>taphylococcus Aureus</i>
 on Precooked Shredded Bullfrog Back Meat	journal-article	http://dx.doi.org/10.1111/jfs.12178	35	J Food Saf	2015-08	en	318-323	NA	Portico	<i>Staphylococcus Aureus</i>
 Reduction in Bullfrog Meat	NA	NA	H.L.A. Silva, M.P. Costa, B.S. Frasao, E.F.M. Mesquita, S.C.R.P. Mello, C.A. Conte-Junior, R.M. Franco, Z.B. Miranda	2015	9	FALSE	4.7	0.435	A4
Autonomic Neuroscience	2014-09-09	2022-04-16	NA	10.1016/j.autneu.2014.09.001	2022-04-16	1566-0702	NA	2014-12	78	10.1016	Elsevier BV	1	Crossref	51	51	0	Cellular and Molecular Neuroscience,Neurology (clinical),Endocrine and Autonomic Systems	eNOS gene haplotype is indirectly associated with the recovery of cardiovascular autonomic modulation from exercise	journal-article	http://dx.doi.org/10.1016/j.autneu.2014.09.001	186	Autonomic Neuroscience	2014-12	en	77-84	http://dx.doi.org/10.1016/elsevier_cm_policy	NA	NA	NA	NA	Bruno M. Silva, Thales C. Barbosa, Fabricia J. Neves, Allan K. Sales, Natalia G. Rocha, Renata F. Medeiros, Felipe S. Pereira, Vinicius P. Garcia, Fabiane T. Cardoso, Antonio C.L. Nobrega	2014	0	FALSE	4.3	0.69	A3
Revista Brasileira de Ciências do Esporte	2018-02-03	2020-01-02	NA	10.1016/j.rbce.2018.01.006	2022-03-31	0101-3289	2	2018-04	530	10.1590	FapUNIFESP (SciELO)	1	Crossref	17	17	0	Physical Therapy, Sports Therapy and Rehabilitation,Health (social science)	Estádio do Maracanã: percepções a partir da reestruturação arquitetônica de 2010	journal-article	http://dx.doi.org/10.1016/j.rbce.2018.01.006	40	Revista Brasileira de Ciências do Esporte	2018-04	pt	205-212	http://dx.doi.org/10.1016/elsevier_cm_policy	NA	NA	NA	NA	Ana Beatriz Correia de Oliveira Tavares, Sebastião Josué Votre, Silvio de Cassio Costa Telles, Fabiano Pries Devide	2018	0	TRUE	0.7	0.216	B1
Movimento (ESEFID/UFRGS)	2018-07-10	2018-07-10	2018-06-24	10.22456/1982-8918.75681	2022-04-05	1982-8918,0104-754X	2	2018-06-24	9749	10.22456	Universidade Federal do Rio Grande do Sul	1	Crossref	0	0	0	Education	ESTÁDIO DO MARACANÃ: UM ESTUDO COMPARATIVO ENTRE AS REPRESENTAÇÕES SOCIAIS DOS TORCEDORES SOBRE O ANTIGO E O NOVO LUGAR DO FUTEBOL	journal-article	http://dx.doi.org/10.22456/1982-8918.75681	24	Movimento	NA	NA	353	NA	NA	NA	NA	NA	Ana Beatriz Correia de Oliveira Tavares, Silvio De Cassio Costa Telles, Sebastião Josué Votre	2018	0	TRUE	0.8	0.233	B1
Revista de Ensino, Educação e Ciências Humanas	2019-07-04	2019-07-04	2019-06-27	10.17921/2447-8733.2019v20n2p201-209	2022-03-30	2447-8733	2	2019-06-27	7245	10.17921	Editora e Distribuidora Educacional	1	Crossref	0	0	0	General Earth and Planetary Sciences,General Engineering,General Environmental Science	Estudo sobre Igualdade de Gênero em uma Escola de Ensino Médio de Comunidade do Rio de Janeiro, RJ	journal-article	http://dx.doi.org/10.17921/2447-8733.2019v20n2p201-209	20	Rev. Ens. Educ. Cienc. Hum.	NA	NA	201	NA	NA	NA	NA	NA	Renata Corrêa Sinimbú Almeida, Maria Geralda De Miranda, Roy Reis Friede, Patricia Maria Dusek, Kátia Eliane Santos Avelar	2019	0	TRUE	NA	NA	A3
Semioses	2017-04-22	2017-04-22	2017-04-21	10.15202/1981996x.2017v11n1p86	2022-04-06	1981-996X	1	2017-04-21	7456	10.15202	Sociedade Unificada de Ensino Augusto Motta -UNISUAM	1	Crossref	0	0	1	General Medicine	Estudos Etnofarmacológicos de óelos essenciais com atividade larvicida contra o Mosquito Aedes Aegypt	journal-article	http://dx.doi.org/10.15202/1981996x.2017v11n1p86	11	NA	NA	NA	NA	NA	NA	NA	NA	NA	Diego G. da R. Voris, Carlos H. V. Afonso, Carlos A. C. Almeida Filho, Conceição O. J. Fernandes, Danielle Q. M. Brito, Caroline S. Moraes, Keila S. C. Lima, José B. P. Lima, Maria G. Mirand, Antônio Luis dos Santos Lima, Katia E. S. Avelar, Reis Friede, Antonio L. S. Lima	2017	2	TRUE	NA	NA	B3
Revista Virtual de Química	2014-04-23	2016-11-28	NA	10.5935/1984-6835.20140038	2022-04-02	1984-6835	3	2014	9021	10.21577	Sociedade Brasileira de Quimica (SBQ)	1	Crossref	0	0	0	General Chemistry	Exposure Limits and its Applications in Chemical Warfare	journal-article	http://dx.doi.org/10.5935/1984-6835.20140038	6	NA	2014	en	NA	NA	NA	NA	NA	NA	Erick B. F. Galante, Antônio Luís S. Lima, Tanos C. C. França, Assed N. Haddad	2014	0	TRUE	0.7	0.151	B2
JOM	2016-06-17	2017-06-24	2016-06-17	10.1007/s11837-016-1985-z	2023-03-09	1047-4838,1543-1851	9	2016-06-17	297	10.1007	Springer Science and Business Media LLC	1	Crossref	58	58	9	General Engineering,General Materials Science	Fluorescent Lamp Glass Waste Incorporation into Clay Ceramic: A Perfect Solution	journal-article	http://dx.doi.org/10.1007/s11837-016-1985-z	68	JOM	2016-09	en	2425-2434	http://dx.doi.org/10.1007/springer_crossmark_policy	NA	NA	NA	NA	Alline Sardinha Cordeiro Morais, Carlos Maurício Fontes Vieira, Rubén Jesus Sanchez Rodriguez, Sergio Neves Monteiro, Veronica Scarpini Candido, Carlos Luiz Ferreira	2016	9	FALSE	4.9	0.569	A2
Ciência e Agrotecnologia	2016-08-20	2017-07-26	NA	10.1590/1413-70542016404001116	2022-04-22	1413-7054	4	2016-08	530	10.1590	FapUNIFESP (SciELO)	1	Crossref	24	24	1	Soil Science,General Veterinary,Agronomy and Crop Science,Animal Science and Zoology,Food Science	Functional anatomy and intestinal morphometry of bullfrog tadpoles subjected to a dietary regime with commercial feeds	journal-article	http://dx.doi.org/10.1590/1413-70542016404001116	40	Ciênc. agrotec.	2016-08	NA	464-474	NA	NA	NA	NA	NA	José Teixeira de Seixas Filho, Silvia Conceição Reis Pereira Mello, Fabiane Toste Cardoso, Rodrigo Otavio Lopes de Souza	2016	1	TRUE	2.5	0.34	A2
Materials Science Forum	2015-06-26	2021-01-12	2015-06	10.4028/www.scientific.net/msf.820.503	2023-03-09	1662-9752	NA	2015-06	2457	10.4028	Trans Tech Publications, Ltd.	1	Crossref	9	9	3	Mechanical Engineering,Mechanics of Materials,Condensed Matter Physics,General Materials Science	Granite Waste from Diamond Wire Sawing Addition into Concrete for Civil Construction	journal-article	http://dx.doi.org/10.4028/www.scientific.net/msf.820.503	820	MSF	NA	NA	503-508	NA	NA	NA	NA	NA	Leonardo Gonçalves Pedroti, Carlos Maurício Fontes Vieira, Jonas Alexandre, Gustavo de Castro Xavier, Verônica Scarpini Candido, Sergio Neves Monteiro	2015	3	FALSE	1.0	0.185	B3
Revista Brasileira de Zootecnia	2017-06-10	2017-06-20	NA	10.1590/s1806-92902017000400001	2022-03-30	1516-3598	4	2017-04	530	10.1590	FapUNIFESP (SciELO)	1	Crossref	23	23	5	Animal Science and Zoology	Histopathological aspects of the liver of free-living and farmed bullfrogs (Lithobates catesbeianus)	journal-article	http://dx.doi.org/10.1590/s1806-92902017000400001	46	R. Bras. Zootec.	2017-04	NA	275-279	NA	NA	NA	NA	NA	José Teixeira de Seixas Filho, Claudio Barberini Camargo Filho, Marcelo Maia Pereira, Ana Maria Cristina Rebello Pinto da Fonseca Martins, Oswaldo Pinto Ribeiro Filho, Sílvia Conceição Reis Pereira Mello, Luara Lucena Cassiano, Marcio Hipolito	2017	5	TRUE	1.8	0.292	A2
Revista Virtual de Química	2014-04-23	2016-11-28	NA	10.5935/1984-6835.20140039	2022-12-10	1984-6835	3	2014	9021	10.21577	Sociedade Brasileira de Quimica (SBQ)	1	Crossref	0	0	2	General Chemistry	Identification of Sulfur and Nitrogen Mustards by GC/FPD/NPD-MS	journal-article	http://dx.doi.org/10.5935/1984-6835.20140039	6	NA	2014	en	NA	NA	NA	NA	NA	NA	Roberto B. Sousa, Paulo F. P. M. Alves, Samir F. Cavalcante, Leandro B. Bernardo, Cíntia C. Barros, Cintia N. Ferreira, Antonio L. S. Lima	2014	2	TRUE	0.7	0.151	B2
Lex Cult: Revista do CCJF	2018-10-15	2018-10-17	2018-09-05	10.30749/2594-8261.v2n2p245-257	2022-04-05	2594-8261	2	2018-09-05	12201	10.30749	Centro Cultural Justica Federal	1	Crossref	0	0	0	NA	IGUALDADE DE PODER ENTRE HOMENS E MULHERES: REFLEXÕES A PARTIR DA AGENDA 2030 DA ONU	journal-article	http://dx.doi.org/10.30749/2594-8261.v2n2p245-257	2	Lex Cult	NA	NA	245	NA	NA	NA	NA	NA	Maria Geralda De Miranda, Débora Coqui, Patrícia Maria Dusek, Kátia Eliane Santos Avelar	2018	0	TRUE	NA	NA	B2
Revista Augustus	2018-12-18	2018-12-18	2018-12-06	10.15202/1981896.2018v23n46p157	2022-10-15	1981-1896	46	2018-12-06	7456	10.15202	Sociedade Unificada de Ensino Augusto Motta -UNISUAM	1	Crossref	0	0	1	General Medicine	IMPACTO DAS COMUNIDADES DE POBREZA RELATIVA NOS MANGUEZAIS:  TRABALHADORES DA PESCA ARTESANAL INVISÍVEIS	journal-article	http://dx.doi.org/10.15202/1981896.2018v23n46p157	23	revistaaugustus	NA	NA	157-167	NA	NA	NA	NA	NA	José Teixeira De Seixas Filho, Sílvia Conceição Reis Pereira Mello, Rafael Antunes Da Silva, André Luiz Reis Gracio	2018	1	FALSE	NA	NA	NA
Lex Cult: Revista do CCJF	2018-10-17	2018-10-17	2018-05-29	10.30749/2594-8261.v2n1p153-168	2022-04-06	2594-8261	1	2018-05-29	12201	10.30749	Centro Cultural Justica Federal	1	Crossref	0	0	0	NA	IMPACTOS ECONÔMICOS DO DESASTRE DA SAMARCO	journal-article	http://dx.doi.org/10.30749/2594-8261.v2n1p153-168	2	Lex Cult	NA	NA	153	NA	NA	NA	NA	NA	Fabiano Martins Carvalho Dos Santos, Hugo Almeida Carlos Satiro, Paulo César Encarnação, Maria Geralda De Miranda	2018	0	TRUE	NA	NA	B2
Revista da FAEEBA - Educação e Contemporaneidade	2018-08-31	2021-05-06	2018-08-31	10.21879/faeeba2358-0194.2018.v27.n52.p101-121	2022-04-03	2358-0194,0104-7043	52	2018-08-31	9345	10.21879	Revista da FAEEBA	1	Crossref	0	0	0	General Earth and Planetary Sciences,General Environmental Science	Impactos socioambientais do turismo na Ilha Grande–RJ	journal-article	http://dx.doi.org/10.21879/faeeba2358-0194.2018.v27.n52.p101-121	27	Rev. FAEEBA - Educ. e Contemp.	NA	NA	101-121	NA	NA	NA	NA	NA	Gercton Bernardo Coitinho, Maria Geralda Miranda, Reis Friede	2018	0	TRUE	NA	NA	A2
Semioses	2018-05-30	2019-09-12	2018-05-29	10.15202/1981996x.2018v12n1p100	2022-04-05	1981-996X	1	2018-05-29	7456	10.15202	Sociedade Unificada de Ensino Augusto Motta -UNISUAM	1	Crossref	0	0	0	General Medicine	IMPLANTAÇÃO DE ATIVIDADES DE BRIGADA DE INCÊNDIO NA UNIDADE ESCOLAR	journal-article	http://dx.doi.org/10.15202/1981996x.2018v12n1p100	12	Semioses	NA	NA	100-113	NA	NA	NA	NA	NA	Ivan Gaspar, Katherine Bittencourt Mendes Leitão, André Luiz Tenório Rezende	2018	0	FALSE	NA	NA	B3
Semioses	2017-12-28	2017-12-28	2017-12-26	10.15202/1981996x.2017v11n4p1	2022-03-31	1981-996X	4	2017-12-26	7456	10.15202	Sociedade Unificada de Ensino Augusto Motta -UNISUAM	1	Crossref	0	0	0	General Medicine	IMPORTANCE OF THE NUMERICAL SIMULATION IN A SOLAR CHIMNEY ANALYSIS	journal-article	http://dx.doi.org/10.15202/1981996x.2017v11n4p1	11	NA	NA	NA	NA	NA	NA	NA	NA	NA	Filipe Alcântara Soares, Priscila Pires Araújo, André Luiz Tenório Rezende	2017	0	TRUE	NA	NA	B3
Materials Science Forum	2015-06-26	2021-01-12	2015-06	10.4028/www.scientific.net/msf.820.432	2022-04-07	1662-9752	NA	2015-06	2457	10.4028	Trans Tech Publications, Ltd.	1	Crossref	23	23	1	Mechanical Engineering,Mechanics of Materials,Condensed Matter Physics,General Materials Science	Improvement of Clay Ceramic Properties by Glass Polishing Sludge Incorporation	journal-article	http://dx.doi.org/10.4028/www.scientific.net/msf.820.432	820	MSF	NA	NA	432-437	NA	NA	NA	NA	NA	Juliana Simões Chagas Licurgo, Carlos Mauricio Fontes Vieira, Veronica Scarpini Candido, Sergio Neves Monteiro	2015	1	FALSE	1.0	0.185	B3
Defence Life Science Journal	2017-12-22	2018-01-16	2017-08-03	10.14429/dlsj.2.10723	2022-04-06	2456-0537,2456-379X	3	2017-08-03	5551	10.14429	Defence Scientific Information and Documentation Centre	1	Crossref	0	0	1	General Pharmacology, Toxicology and Pharmaceutics,General Agricultural and Biological Sciences,General Biochemistry, Genetics and Molecular Biology	In vitro evaluation of neutral oximes as reactivators of parathion-inhibited electric eel acetylcholinesterase	journal-article	http://dx.doi.org/10.14429/dlsj.2.10723	2	Def. Life. Sc. Jl.	NA	NA	363	NA	NA	NA	NA	NA	Joselia A. Lima, Laura P.A.N. Cavalcanti, Alcino P. Aguiar, Claudia M. Rezende, Keila S.C. Lima, Antonio L.S. Lima	2017	1	FALSE	0.9	0.158	B4
Materials Science Forum	2016-08-31	2021-01-12	2016-08	10.4028/www.scientific.net/msf.869.405	2022-04-02	1662-9752	NA	2016-08	2457	10.4028	Trans Tech Publications, Ltd.	1	Crossref	0	0	0	Mechanical Engineering,Mechanics of Materials,Condensed Matter Physics,General Materials Science	Influence of Martensitic Transformation on the Fatigue of Low Temperature Metastable Stainless Steel	journal-article	http://dx.doi.org/10.4028/www.scientific.net/msf.869.405	869	MSF	NA	NA	405-410	NA	NA	NA	NA	NA	Sergio Neves Monteiro, Verônica Scarpini Cândido, Luis Carlos da Silva, Frederico Muylaert Margem	2016	0	FALSE	1.0	0.185	B3
Hormone and Metabolic Research	2018-04-05	2018-04-05	2018-04-05	10.1055/a-0588-7944	2022-04-06	0018-5043,1439-4286	04	2018-04	194	10.1055	Georg Thieme Verlag KG	1	Crossref	0	0	0	Biochemistry (medical),Clinical Biochemistry,Endocrinology,Biochemistry,General Medicine,Endocrinology, Diabetes and Metabolism	Influence of Stem Cell Therapy on Thyroid Function and Reactive Oxygen Species Production in Diabetic Rats	journal-article	http://dx.doi.org/10.1055/a-0588-7944	50	Horm Metab Res	2018-04	en	331-339	NA	NA	NA	NA	NA	Diorney da Silva, Mariana de Freitas, Gustavo Cahil, Vitória de São José, Felippe Neto, Ricardo Cardoso, Vânia da Costa, Rodrigo Fortunato, Denise de Carvalho, Emiliano Medei, Andrea Ferreira	2018	0	FALSE	4.8	0.579	B1
Semioses	2016-03-28	2016-03-28	2016-03-24	10.15202/1981996x.2015v9n1p67	2022-03-31	1981-996X	1	2016-03-24	7456	10.15202	Sociedade Unificada de Ensino Augusto Motta -UNISUAM	1	Crossref	0	0	0	General Medicine	JUSTIÇA AMBIENTAL EM PROL DOS RESIDUOS INDUSTRIAIS	journal-article	http://dx.doi.org/10.15202/1981996x.2015v9n1p67	9	NA	NA	NA	NA	NA	NA	NA	NA	NA	Alexandre Jesus Pereira, Katia Eliane dos Santos Avelar, Antonio Luis dos Santos Lima, Roy Reis Friede, Maria Geralda de Miranda	2016	0	TRUE	NA	NA	B3
Revista Virtual de Química	2014-04-23	2016-11-28	NA	10.5935/1984-6835.20140047	2022-04-04	1984-6835	3	2014	9021	10.21577	Sociedade Brasileira de Quimica (SBQ)	1	Crossref	0	0	0	General Chemistry	Measurement of the Inactivation of Ochratoxin by Gamma Radiation. An example of the Potential use of Ionizing Radiation in decontamination of chemical agents	journal-article	http://dx.doi.org/10.5935/1984-6835.20140047	6	NA	2014	en	NA	NA	NA	NA	NA	NA	Monique Cardozo, Stefânia Priscila de Souza, Tanos C. C. França, Claudia M. Rezende, Angelo C. Pinto, Antônio L. dos Santos Lima, Keila dos S. Cople Lima	2014	0	TRUE	0.7	0.151	B2
Revista Virtual de Química	2018-11-13	2018-12-13	2018	10.21577/1984-6835.20180084	2022-03-31	1984-6835	5	2018	9021	10.21577	Sociedade Brasileira de Quimica (SBQ)	1	Crossref	0	0	1	General Chemistry	Metabolomics of Physical Exercise: A Powerful Assessment Tool	journal-article	http://dx.doi.org/10.21577/1984-6835.20180084	10	Rev. Virtual Quim.	NA	NA	1207-1224	NA	NA	NA	NA	NA	Celso S. Sasaqui, Keila S. C. Lima, Roberto B. Sousa, Nicolis A. de Araújo, José Carlos C. S. Pinto, Anna P. Pierucci, Antonio Luís S. Lima	2018	1	TRUE	0.7	0.151	B2
Materials Science Forum	2015-06-26	2021-01-12	2015-06	10.4028/www.scientific.net/msf.820.468	2022-04-04	1662-9752	NA	2015-06	2457	10.4028	Trans Tech Publications, Ltd.	1	Crossref	16	16	1	Mechanical Engineering,Mechanics of Materials,Condensed Matter Physics,General Materials Science	Microstructural Analysis of Clayey Ceramics Incorporated with Fluorescent Lamp Glass Waste	journal-article	http://dx.doi.org/10.4028/www.scientific.net/msf.820.468	820	MSF	NA	NA	468-473	NA	NA	NA	NA	NA	Thais Mardegan Louzada, Alline Sardinha Cordeiro Morais, Carlos Mauricio Fontes Vieira, Veronica Scarpini Candido, Sergio Neves Monteiro	2015	1	FALSE	1.0	0.185	B3
Revista Virtual de Química	2014-04-23	2016-11-28	NA	10.5935/1984-6835.20140046	2022-04-04	1984-6835	3	2014	9021	10.21577	Sociedade Brasileira de Quimica (SBQ)	1	Crossref	0	0	0	General Chemistry	Mycotoxins and their Potential as Warfare Agents	journal-article	http://dx.doi.org/10.5935/1984-6835.20140046	6	NA	2014	en	NA	NA	NA	NA	NA	NA	Marcelo C. dos Santos, Roberto B. Sousa, Sérgio Eduardo M. Oliveira, Keila S. C. Lima, Antônio Luiz S. Lima	2014	0	TRUE	0.7	0.151	B2
Lex Cult Revista do CCJF	2020-05-14	2020-05-14	2019-10-10	10.30749/2594-8261.v3n2p182-198	2022-03-29	2594-8261	2	2019-10-10	12201	10.30749	Centro Cultural Justica Federal	1	Crossref	0	0	0	NA	NEUROANATOMIA E COMUNICAÇÃO	journal-article	http://dx.doi.org/10.30749/2594-8261.v3n2p182-198	3	LexCult	NA	NA	182	NA	NA	NA	NA	NA	Daniella Cavalcante Antunes, Kátia Eliane Santos Avelar, Reis Friede	2019	0	FALSE	NA	NA	B2
Semioses	2018-12-19	2019-09-12	2018-12-19	10.15202/1981996x.2018v12n4p58	2022-04-06	1981-996X	4	2018-12-19	7456	10.15202	Sociedade Unificada de Ensino Augusto Motta -UNISUAM	1	Crossref	0	0	0	General Medicine	O DEFICIENTE VISUAL E A EDUCAÇÃO INCLUSIVA	journal-article	http://dx.doi.org/10.15202/1981996x.2018v12n4p58	12	Semioses	NA	NA	58-76	NA	NA	NA	NA	NA	Elaine Souza Da Silva, Maria Geralda De Miranda, Reis Friede, Patricia Maria Dusek, Kátia Eliane Santos Avelar	2018	0	FALSE	NA	NA	B3
Semioses	2018-09-06	2018-09-06	2018-07-27	10.15202/1981996x.2018v12n2p83	2022-04-04	1981-996X	2	2018-07-27	7456	10.15202	Sociedade Unificada de Ensino Augusto Motta -UNISUAM	1	Crossref	0	0	0	General Medicine	O DESENVOLVIMENTO LOCAL SOB A PERSPECTIVA DO TRABALHO: UM ESTUDO DE CASO DA FÁBRICA DE TECIDOS DE BANGU	journal-article	http://dx.doi.org/10.15202/1981996x.2018v12n2p83	12	Semioses	NA	NA	83-96	NA	NA	NA	NA	NA	Gercton Bernardo Coitinho, Ana Christina Tavares Martins, Maria Geralda De Miranda, Patricia Maria Dusek, Kátia Eliane Santos Avelar	2018	0	FALSE	NA	NA	B3
Semioses	2018-05-30	2019-09-12	2018-05-25	10.15202/1981996x.2018v12n1p1	2022-04-01	1981-996X	1	2018-05-25	7456	10.15202	Sociedade Unificada de Ensino Augusto Motta -UNISUAM	1	Crossref	0	0	0	General Medicine	O ESPORTE SOCIAL COMO INSTRUMENTO DE DESENVOLVIMENTO LOCAL: ANÁLISE DA EXPECTATIVA DE JOVENS DO INSTITUTO IRMÃOS NOGUEIRA SOB A INFLUÊNCIA DA MÍDIA	journal-article	http://dx.doi.org/10.15202/1981996x.2018v12n1p1	12	Semioses	NA	NA	1-13	NA	NA	NA	NA	NA	Raphael Luz, Felipe Da Silva Triani, José Teixeira de Seixas Filho, Jorge Felipe Fonseca Moreira (Columá)	2018	0	FALSE	NA	NA	B3
Semioses	2016-09-23	2016-11-16	2016-09-23	10.15202/10.15202/1981-996x.2016v10n1p71	2022-04-03	1981-996X	1	2016-09-23	7456	10.15202	Sociedade Unificada de Ensino Augusto Motta -UNISUAM	1	Crossref	0	0	1	General Medicine	O ESTADO DA ARTE DA REPRESA RIBEIRÃO DAS LAJES	journal-article	http://dx.doi.org/10.15202/10.15202/1981-996x.2016v10n1p71	10	NA	NA	NA	NA	NA	NA	NA	NA	NA	Luana Vasconcelos Barbosa, Erik Terra Abrantes, José Teixeira De Seixas Filho	2016	1	TRUE	NA	NA	B3
Semioses	2016-04-25	2016-04-25	2016-04-06	10.15202/1981996x.2015v9n2p12	2022-04-02	1981-996X	2	2016-04-06	7456	10.15202	Sociedade Unificada de Ensino Augusto Motta -UNISUAM	1	Crossref	0	0	0	General Medicine	O ESTADO DA ARTE DO RESERVATÓRIO JAGUARI NO ABASTECIMENTO DA CIDADE DO RIO DE JANEIRO	journal-article	http://dx.doi.org/10.15202/1981996x.2015v9n2p12	9	NA	NA	NA	NA	NA	NA	NA	NA	NA	Ana Lucia Soares, Roselena Montenegro dos Anjos Machado, José Teixeira de Seixas Filho	2016	0	TRUE	NA	NA	B3
Química Nova na Escola	2015-07-15	2016-11-28	NA	10.5935/0104-8899.20150025	2022-04-02	0104-8899	2	2015	9021	10.21577	Sociedade Brasileira de Quimica (SBQ)	1	Crossref	0	0	0	Pharmacology (medical)	O Impacto dos Produtos Domissanitários na Saúde da População do Complexo do Alemão – Rio de Janeiro	journal-article	http://dx.doi.org/10.5935/0104-8899.20150025	37	NA	2015	en	NA	NA	NA	NA	NA	NA	Rodrigo Otavio L. de Souza, José T. de Seixas Filho, Maria Geralda de Miranda, Francisco Moysés de Carvalho Neto	2015	0	FALSE	NA	NA	A2
Semioses	2017-12-27	2017-12-27	2017-12-26	10.15202/1981996x.2017v11n4p47	2022-03-30	1981-996X	4	2017-12-26	7456	10.15202	Sociedade Unificada de Ensino Augusto Motta -UNISUAM	1	Crossref	0	0	0	General Medicine	OBSOLESCÊNCIA PROGRAMADA DAS PROFISSÕES NA ERA TECNOLÓGICA: O SURGIMENTO DO NEOPENSADOR	journal-article	http://dx.doi.org/10.15202/1981996x.2017v11n4p47	11	NA	NA	NA	NA	NA	NA	NA	NA	NA	Paulo Ricardo Oliveira da Salgueiro, Kátia Eliane Santos Avelar, Maria Geralda de Miranda, Antonio Luís dos Santos Lima	2017	0	TRUE	NA	NA	B3
Revista Valore	2017-08-03	2023-05-16	2017-08-02	10.22408/reva12201754141-154	2023-05-17	2526-043X,2525-9008	1	2017-08-02	9701	10.22408	Instituto de Cultura Tecnica Sociedade Civil Ltda	1	Crossref	32	32	0	Industrial and Manufacturing Engineering,Surfaces, Coatings and Films	Os efeitos da terapia do riso sobre as atividades instrumentais da vida diária na concepção de indivíduos idosos	journal-article	http://dx.doi.org/10.22408/reva12201754141-154	2	REVA	NA	NA	141-154	NA	NA	NA	NA	NA	Rafael dos Santos, José Teixeira de Seixas Filho, Maria Auxiliadora Terra Cunha, Felipe da Silva Triani, Jorge Felipe Columá	2017	0	TRUE	NA	NA	B2
The Journal of Sports Medicine and Physical Fitness	2019-01-21	2022-09-10	NA	10.23736/s0022-4707.18.08030-1	2022-09-10	0022-4707,1827-1928	2	2019-01	17149	10.23736	Edizioni Minerva Medica	1	Crossref	38	38	1	Physical Therapy, Sports Therapy and Rehabilitation,Orthopedics and Sports Medicine	Oxidative stress biomarkers after a single maximal test in blind and non-blind soccer players	journal-article	http://dx.doi.org/10.23736/s0022-4707.18.08030-1	59	J Sports Med Phys Fitness	2019-01	NA	NA	NA	NA	NA	NA	NA	Diego Viana Gomes, Patricia Santos Vigário, Bruna K. Lima Piazera, Filipe Pereira Costa, Mario Vaisman, Veronica Salerno Pinto	2019	1	FALSE	3.3	0.496	A4
Materials Science Forum	2015-06-26	2021-01-12	2015-06	10.4028/www.scientific.net/msf.820.13	2022-03-29	1662-9752	NA	2015-06	2457	10.4028	Trans Tech Publications, Ltd.	1	Crossref	16	16	1	Mechanical Engineering,Mechanics of Materials,Condensed Matter Physics,General Materials Science	Performance of Precursor Materials and Fired Ceramics for Structural Blocks	journal-article	http://dx.doi.org/10.4028/www.scientific.net/msf.820.13	820	MSF	NA	NA	13-17	NA	NA	NA	NA	NA	Neila Gondim Azeredo, Euzébio Barnabé Zanelato, Jonas Alexandre, Afonso Rangel Garcez de Azevedo, Gustavo de Castro Xavier, Veronica Scarpini Candido, Sergio Neves Monteiro	2015	1	FALSE	1.0	0.185	B3
Semioses	2016-03-28	2016-03-28	2016-03-24	10.15202/1981996x.2015v9n1p88	2022-04-06	1981-996X	1	2016-03-24	7456	10.15202	Sociedade Unificada de Ensino Augusto Motta -UNISUAM	1	Crossref	0	0	0	General Medicine	POLÍTICAS PÚBLICAS ARQUIVÍSTISTICAS: ACESSO SUSTENTÁVEL À INFORMAÇÃO	journal-article	http://dx.doi.org/10.15202/1981996x.2015v9n1p88	9	NA	NA	NA	NA	NA	NA	NA	NA	NA	Valdete Barros Barbosa, Rafael Reis Pereira Bandeira de Mello, Rodrigo Otavio Lopes de Souza, Silvia Conceição Reis Pereira Mello	2016	0	TRUE	NA	NA	B3
Semioses	2017-12-27	2017-12-27	2017-12-26	10.15202/1981996x.2017v11n4p55	2022-04-05	1981-996X	4	2017-12-26	7456	10.15202	Sociedade Unificada de Ensino Augusto Motta -UNISUAM	1	Crossref	0	0	0	General Medicine	POLÍTICAS PÚBLICAS E INICIATIVAS SOLIDÁRIAS DE FOMENTO À LEITURA	journal-article	http://dx.doi.org/10.15202/1981996x.2017v11n4p55	11	NA	NA	NA	NA	NA	NA	NA	NA	NA	Edna Parizze de Viveiros, Vera Aparecida Monteiro da Silva Abrantes, Kátia Eliane Santos Avelar, Maria Geralda de Miranda	2017	0	TRUE	NA	NA	B3
Engenharia Sanitaria e Ambiental	2015-11-14	2017-05-23	NA	10.1590/s1413-41522015020000114401	2023-06-11	1413-4152	3	2015-09	530	10.1590	FapUNIFESP (SciELO)	1	Crossref	17	17	4	Waste Management and Disposal	Por uma nova ética ambiental	journal-article	http://dx.doi.org/10.1590/s1413-41522015020000114401	20	Eng. Sanit. Ambient.	2015-09	NA	331-336	NA	NA	NA	NA	NA	Edna Parizzi de Viveiros, Maria Geralda de Miranda, Ana Maria Pires Novaes, Kátia Eliane Santos Avelar	2015	4	TRUE	0.8	0.185	A4
Materials Science Forum	2015-06-26	2021-01-12	2015-06	10.4028/www.scientific.net/msf.820.515	2022-04-02	1662-9752	NA	2015-06	2457	10.4028	Trans Tech Publications, Ltd.	1	Crossref	13	13	0	Mechanical Engineering,Mechanics of Materials,Condensed Matter Physics,General Materials Science	Pozzolanic Activity of Wastes from Fired Clay Ceramic Industry for Incorporation into Concrete	journal-article	http://dx.doi.org/10.4028/www.scientific.net/msf.820.515	820	MSF	NA	NA	515-519	NA	NA	NA	NA	NA	Mateus de Souza Furriel Dias, Leonardo Gonçalves Pedroti, Carlos Mauricio Fontes Vieira, Sérgio Neves Monteiro, Gustavo de Castro Xavier, Verônica Scarpini Candido	2015	0	FALSE	1.0	0.185	B3
Revista Portuguesa de Educação	2016-12-14	2018-06-07	2016-12-14	10.21814/rpe.7123	2023-05-30	2183-0452,0871-9187	2	2016-12-14	9283	10.21814	University of Minho	1	Crossref	0	0	1	Education	Protagonismo infantil na educação física: uma experiência pedagógica com a capoeira	journal-article	http://dx.doi.org/10.21814/rpe.7123	29	RPE	NA	NA	59	NA	NA	NA	NA	NA	Rodrigo Lema Del Rio Martins, Wagner Dos Santos, André Da Silva Mello, Sebastião Josué Votre	2016	1	TRUE	0.5	0.211	A1
Semioses	2017-10-31	2017-10-31	2017-10-27	10.15202/1981996x.2017v11n2p35	2022-04-02	1981-996X	2	2017-10-27	7456	10.15202	Sociedade Unificada de Ensino Augusto Motta -UNISUAM	1	Crossref	0	0	0	General Medicine	QUALIDADE DO SÊMEN DE RÃ-TOURO EM DIFERENTES DOSAGENS DE HORMÔNIO, TEMPOS DE COLETA E DE RESFRIAMENTO	journal-article	http://dx.doi.org/10.15202/1981996x.2017v11n2p35	11	NA	NA	NA	NA	NA	NA	NA	NA	NA	Marcelo Maia Pereira, Silvia Conceição Reis Pereira de Mello, Jose Teixeira de Seixas Filho, William Nascimento Silva	2017	0	FALSE	NA	NA	B3
African Journal of Agricultural Research	2016-01-22	2017-06-24	2016-01-21	10.5897/ajar2015.9565	2023-04-17	1991-637X	3	2016-01-21	3908	10.5897	Academic Journals	1	Crossref	40	40	4	General Agricultural and Biological Sciences	Quality index method (QIM) and quantitative descriptive analysis (QDA) of Nile tilapia (Oreochromis niloticus) quality indices	journal-article	http://dx.doi.org/10.5897/ajar2015.9565	11	Afr. J. Agric. Res.	NA	NA	209-216	http://dx.doi.org/10.5897/crossmark_policy	NA	NA	NA	NA	Pacheco Rodrigues Tatiana, Teixeira Marsico Eliane, Maia Franco Robson, Concei ccedil atilde o Reis Pereira Mello Silvia, Costa Soares Ivone, Oliveira Cavalcanti Zuniga Natalia, Queiroz de Freitas Monica	2016	4	TRUE	NA	NA	B3
Revista Virtual de Química	2014-10-29	2016-11-28	NA	10.5935/1984-6835.20140086	2022-04-05	1984-6835	5	2014	9021	10.21577	Sociedade Brasileira de Quimica (SBQ)	1	Crossref	0	0	4	General Chemistry	Quantification and Characterization of the Main Components of the Ethanolic Extract of Indian Cloves,<i>Syzygium aromaticum</i>[I] Merr. et Perry	journal-article	http://dx.doi.org/10.5935/1984-6835.20140086	6	NA	2014	en	NA	NA	NA	NA	NA	NA	Raphael S. Affonso, Bruno Lessa, Glaucia B. C. A. Slana, Larissa L. Barboza, Fernanda V. de Almeida, Antônio Luiz S. Lima, Felipe R. de Souza, Tanos C. C. França	2014	4	TRUE	0.7	0.151	B2
Ciência Animal Brasileira	2013-04-01	2021-02-13	2013-03-27	10.5216/cab.v14i1.16049	2022-04-05	1809-6891,1518-2797	1	2013-03-27	530	10.1590	FapUNIFESP (SciELO)	1	Crossref	0	0	2	General Veterinary,Animal Science and Zoology	REGIME ALIMENTAR DE GIRINOS DE RÃ TOURO	journal-article	http://dx.doi.org/10.5216/cab.v14i1.16049	14	Ci. Anim. Bras.	NA	NA	NA	NA	NA	NA	NA	NA	José T. de Seixas Filho, Rodrigo Diana Navarro, Silvana L. Ribeiro Garcia, Ana Carolina Da S. Santos	2013	2	TRUE	0.7	0.171	B1
Formação (Online)	2020-08-26	2020-08-26	2020-08-25	10.33081/formacao.v27i51.6794	2022-03-29	2178-7298,1517-543X	51	2020-08-25	18537	10.33081	Revista Formacao	1	Crossref	0	0	0	Microbiology	RESÍDUOS SÓLIDOS URBANOS (RSU): UMA ANÁLISE DO SETOR ENERGÉTICO EM ASCENSÃO COM BASE NO IMPACTO AMBIENTAL E NA QUALIDADE DE VIDA	journal-article	http://dx.doi.org/10.33081/formacao.v27i51.6794	27	RF	NA	NA	NA	NA	NA	NA	NA	NA	Helen Gonçalves Romeiro Ferreira, Gustavo Malavota Pedroso, Rodrigo Gomes Alves, Gustavo Monnerat Cahli, Sílvia Conceição Reis Pereira Mello	2020	0	TRUE	NA	NA	A3
Semioses	2016-04-25	2016-04-25	2016-04-06	10.15202/1981996x.2015v9n2p77	2023-04-28	1981-996X	2	2016-04-06	7456	10.15202	Sociedade Unificada de Ensino Augusto Motta -UNISUAM	1	Crossref	0	0	2	General Medicine	RESÍDUOS SÓLIDOS: RESPONSABILIDADE COMPARTILHADA	journal-article	http://dx.doi.org/10.15202/1981996x.2015v9n2p77	9	NA	NA	NA	NA	NA	NA	NA	NA	NA	Marcio Barreto dos Santos Garcia, João Lanzellotti Neto, Jaqueline Guimarães Mendes, Flavia Miranda de Freitas Xerfan, Carlos Alexandre Bastos de Vasconcellos, Roy Reis Friede	2016	2	TRUE	NA	NA	B3
Revista Virtual de Química	2014-10-29	2016-11-28	NA	10.5935/1984-6835.20140087	2022-04-04	1984-6835	5	2014	9021	10.21577	Sociedade Brasileira de Quimica (SBQ)	1	Crossref	0	0	1	General Chemistry	Reutilization of Glycerol Derived from Biodiesel Production Using HPW-Based Catalysts Supported on Niobium for Obtention of Additives	journal-article	http://dx.doi.org/10.5935/1984-6835.20140087	6	NA	2014	en	NA	NA	NA	NA	NA	NA	Claudia V. Lacerda, Rodrigo Otávio L. de Souza, Nadine Essayem, Wilma A. Gonzalez	2014	1	TRUE	0.7	0.151	B2
Revista Virtual de Química	2014-04-23	2016-11-28	NA	10.5935/1984-6835.20140045	2022-04-06	1984-6835	3	2014	9021	10.21577	Sociedade Brasileira de Quimica (SBQ)	1	Crossref	0	0	0	General Chemistry	Ricin and the Chemical Weapons Convention in Brazil	journal-article	http://dx.doi.org/10.5935/1984-6835.20140045	6	NA	2014	en	NA	NA	NA	NA	NA	NA	Roberto B. Sousa, Sérgio Eduardo M. de Oliveira, Marcelo C. dos Santos, Keila S. C. Lima, Antônio Luiz S. Lima	2014	0	TRUE	0.7	0.151	B2
Semioses	2016-12-26	2016-12-26	2016-12-26	10.15202/1981996x.2016v10n3p69	2022-03-30	1981-996X	3	2016-12-26	7456	10.15202	Sociedade Unificada de Ensino Augusto Motta -UNISUAM	1	Crossref	0	0	0	General Medicine	RIO CARIOCA: SUA HISTÓRIA E SUA DEGRADAÇÃO	journal-article	http://dx.doi.org/10.15202/1981996x.2016v10n3p69	10	NA	NA	NA	NA	NA	NA	NA	NA	NA	Mariana Da Silva Ogeda, Thais Ramos da Araújo, José Teixeira de Seixas Filho	2016	0	TRUE	NA	NA	B3
Revista Estudos Feministas	2015-05-20	2019-08-25	NA	10.1590/0104-026x2015v23n2p409	2022-03-29	0104-026X	2	2015-08	530	10.1590	FapUNIFESP (SciELO)	1	Crossref	35	35	1	Gender Studies	Rosiclea Campos no judô feminino brasileiro	journal-article	http://dx.doi.org/10.1590/0104-026x2015v23n2p409	23	Rev. Estud. Fem.	2015-08	NA	409-429	NA	NA	NA	NA	NA	Gabriela Conceição de Souza, Sebastião Josué Votre, Maria Claudia Pinheiro, Fabiano Pries Devide	2015	1	TRUE	0.6	0.293	A1
Revista da Sociedade Brasileira de Medicina Tropical	2016-10-29	2017-05-23	NA	10.1590/0037-8682-0115-2016	2022-04-04	0037-8682	5	2016-10	530	10.1590	FapUNIFESP (SciELO)	1	Crossref	15	15	3	Infectious Diseases,Microbiology (medical),Parasitology	Seroprevalence of and risk factors for leptospirosis in the City of Manaus, State of Amazonas, Brazil	journal-article	http://dx.doi.org/10.1590/0037-8682-0115-2016	49	Rev. Soc. Bras. Med. Trop.	2016-10	NA	628-631	NA	NA	NA	NA	NA	Luciete Almeida Silva, Kátia Maria da Silva Lima, Ormezinda Celeste Cristo Fernandes, Ilana Teruszkin Balassiano, Kátia Eliane Santos Avelar, Michele Silva de Jesus	2016	3	TRUE	2.9	0.421	B1
Materials Science Forum	2016-08-31	2021-01-12	2016-08	10.4028/www.scientific.net/msf.869.543	2022-04-05	1662-9752	NA	2016-08	2457	10.4028	Trans Tech Publications, Ltd.	1	Crossref	0	0	0	Mechanical Engineering,Mechanics of Materials,Condensed Matter Physics,General Materials Science	Special Effects in Deformation Mechanism Maps for Austenitic Stainless Steels	journal-article	http://dx.doi.org/10.4028/www.scientific.net/msf.869.543	869	MSF	NA	NA	543-549	NA	NA	NA	NA	NA	Sergio Neves Monteiro, Frederico Muylaert Margem, Lucas Tedesco Bolzan, George Lobo Nobre Fernandes, Verônica Scarpini Cândido	2016	0	FALSE	1.0	0.185	B3
Materials Science Forum	2015-06-26	2022-05-15	2015-06	10.4028/www.scientific.net/msf.820.40	2022-05-15	1662-9752	NA	2015-06	2457	10.4028	Trans Tech Publications, Ltd.	1	Crossref	10	10	0	Mechanical Engineering,Mechanics of Materials,Condensed Matter Physics,General Materials Science	Study of a Typical Soil Used for Concrete Bricks in Miracema, State of Rio de Janeiro, Brazil	journal-article	http://dx.doi.org/10.4028/www.scientific.net/msf.820.40	820	MSF	NA	NA	40-45	NA	NA	NA	NA	NA	Niander Aguiar Cerqueira, Jonas Alexandre, Afonso Rangel Garcez de Azevedo, Gustavo de Castro Xavier, Veronica Scarpini Candido, Carlos Maurício Fontes Vieira, Sergio Neves Monteiro	2015	0	FALSE	1.0	0.185	B3
European Polymer Journal	2016-03-22	2018-09-14	NA	10.1016/j.eurpolymj.2016.03.031	2023-06-27	0014-3057	NA	2016-05	78	10.1016	Elsevier BV	1	Crossref	38	38	72	Organic Chemistry,Polymers and Plastics,General Physics and Astronomy,Materials Chemistry	Sugarcane bagasse waste in composites for multilayered armor	journal-article	http://dx.doi.org/10.1016/j.eurpolymj.2016.03.031	78	European Polymer Journal	2016-05	en	173-185	http://dx.doi.org/10.1016/elsevier_cm_policy	NA	NA	NA	NA	Sergio N. Monteiro, Veronica S. Candido, Fabio O. Braga, Lucas T. Bolzan, Ricardo P. Weber, Jaroslaw W. Drelich	2016	72	FALSE	9.6	0.884	A1
Semioses	2017-10-31	2017-10-31	2017-10-27	10.15202/1981996x.2017v11n2p40	2022-04-03	1981-996X	2	2017-10-27	7456	10.15202	Sociedade Unificada de Ensino Augusto Motta -UNISUAM	1	Crossref	0	0	0	General Medicine	TÉCNICA DE FERTILIZAÇÃO ARTIFICIAL DE ANFÍBIOS ANUROS	journal-article	http://dx.doi.org/10.15202/1981996x.2017v11n2p40	11	NA	NA	NA	NA	NA	NA	NA	NA	NA	William Nascimento Silva, Marianna Severo de Souza, Elaine Da Conceição Pinto de Oliveira, Marcelo Maia Pereira, Jose Teixeira de Seixas Filho, Silvia Conceição Reis Pereira Mello	2017	0	FALSE	NA	NA	B3
Materials Science Forum	2016-08-31	2021-01-12	2016-08	10.4028/www.scientific.net/msf.869.221	2023-01-16	1662-9752	NA	2016-08	2457	10.4028	Trans Tech Publications, Ltd.	1	Crossref	0	0	2	Mechanical Engineering,Mechanics of Materials,Condensed Matter Physics,General Materials Science	Tensile Behavior of Epoxy Composites Reinforced with Thinner Fibers of Sugarcane Bagasse	journal-article	http://dx.doi.org/10.4028/www.scientific.net/msf.869.221	869	MSF	NA	NA	221-226	NA	NA	NA	NA	NA	Verônica Scarpini Cândido, Sergio Neves Monteiro	2016	2	FALSE	1.0	0.185	B3
Journal of Wind Engineering and Industrial Aerodynamics	2014-08-09	2019-12-03	NA	10.1016/j.jweia.2014.07.007	2022-11-21	0167-6105	NA	2014-10	78	10.1016	Elsevier BV	1	Crossref	22	22	8	Mechanical Engineering,Renewable Energy, Sustainability and the Environment,Civil and Structural Engineering	The challenging case of the turbulent flow around a thin plate wind deflector, and its numerical prediction by LES and RANS models	journal-article	http://dx.doi.org/10.1016/j.jweia.2014.07.007	133	Journal of Wind Engineering and Industrial Aerodynamics	2014-10	en	52-64	http://dx.doi.org/10.1016/elsevier_cm_policy	NA	NA	NA	NA	Luiz Eduardo B. Sampaio, André Luiz T. Rezende, Angela O. Nieckele	2014	8	FALSE	8.1	1.207	A2
Materials Science Forum	2016-08-31	2021-01-12	2016-08	10.4028/www.scientific.net/msf.869.508	2022-04-03	1662-9752	NA	2016-08	2457	10.4028	Trans Tech Publications, Ltd.	1	Crossref	0	0	1	Mechanical Engineering,Mechanics of Materials,Condensed Matter Physics,General Materials Science	The Effect of Phase Transformation on the Tensile Fracture of Austenitic Stainless Steel	journal-article	http://dx.doi.org/10.4028/www.scientific.net/msf.869.508	869	MSF	NA	NA	508-513	NA	NA	NA	NA	NA	Verônica Scarpini Cândido, Sergio Neves Monteiro	2016	1	FALSE	1.0	0.185	B3
Semioses	2016-11-11	2016-11-14	2016-11-14	10.15202/1981996x.2016v10n2p60	2022-04-03	1981-996X	2	2016-11-14	7456	10.15202	Sociedade Unificada de Ensino Augusto Motta -UNISUAM	1	Crossref	0	0	0	General Medicine	THE LEGAL SYSTEM OF THE BRAZILIAN SPELEOLOGICAL PATRIMONY	journal-article	http://dx.doi.org/10.15202/1981996x.2016v10n2p60	10	NA	NA	NA	NA	NA	NA	NA	NA	NA	André Carlos Carlos, Reis Freire, Kátia Eliane Santos Avelar, Maria Geralda De Miranda	2016	0	TRUE	NA	NA	B3
Semioses	2016-12-26	2016-12-26	2016-12-26	10.15202/1981996x.2016v10n3p78	2022-03-30	1981-996X	3	2016-12-26	7456	10.15202	Sociedade Unificada de Ensino Augusto Motta -UNISUAM	1	Crossref	0	0	0	General Medicine	THE PROTECTION OF THE ENVIRONMENT IN THE BRAZILIAN SUPREME FEDERAL COURT: ANALYSIS OF REAL CASES	journal-article	http://dx.doi.org/10.15202/1981996x.2016v10n3p78	10	NA	NA	NA	NA	NA	NA	NA	NA	NA	Reis Friede	2016	0	TRUE	NA	NA	B3
Interações (Campo Grande)	2018-10-17	2020-09-09	2018-10-05	10.20435/inter.v19i4.1764	2022-04-04	1984-042X	NA	2018-10-05	8337	10.20435	Universidade Catolica Dom Bosco	1	Crossref	0	0	2	NA	Uma avaliação do Programa Bolsa Família	journal-article	http://dx.doi.org/10.20435/inter.v19i4.1764	NA	Inter	NA	NA	713-726	NA	NA	NA	NA	NA	Sara Verônica de Avelar Dias Dantas, Maria Geralda de Miranda, Patricia Maria Dusek, Kátia Eliane Santos Avelar	2018	2	TRUE	NA	NA	A3
Sustainability in Debate	2016-04-30	2022-09-16	2016-04-30	10.18472/sustdeb.v7n1.2016.16190	2022-09-17	2179-9067,2177-7675	1	2016-04-30	7730	10.18472	Editora de Livros IABS	1	Crossref	0	0	0	Management, Monitoring, Policy and Law,Development	Utilização do Conhecimento no Desenvolvimento Econômico:	journal-article	http://dx.doi.org/10.18472/sustdeb.v7n1.2016.16190	7	SustDeb	NA	NA	107-120	NA	NA	análise de empresas de tecnologia da informação com  foco na economia sustentável	NA	NA	Robson da Silva Teixeira, Rodrigo Otavio Lopes de Souza	2016	0	TRUE	0.8	0.202	B2
Materials Science Forum	2016-08-31	2021-01-12	2016-08	10.4028/www.scientific.net/msf.869.538	2022-04-02	1662-9752	NA	2016-08	2457	10.4028	Trans Tech Publications, Ltd.	1	Crossref	0	0	0	Mechanical Engineering,Mechanics of Materials,Condensed Matter Physics,General Materials Science	Work Hardening and Microstructural Effect during Dynamic Deformation of Polycrystalline Copper	journal-article	http://dx.doi.org/10.4028/www.scientific.net/msf.869.538	869	MSF	NA	NA	538-542	NA	NA	NA	NA	NA	Sergio Neves Monteiro, Verônica Scarpini Cândido, Fernanda Santos da Luz, Jheison Lopes dos Santos	2016	0	FALSE	1.0	0.185	B3
