title	doi	url	issns	journal	authors	issns1	issns2	published_on	last_updated	cited_by_fbwalls_count	cited_by_feeds_count	cited_by_gplus_count	cited_by_msm_count	cited_by_posts_count	cited_by_rdts_count	cited_by_tweeters_count	cited_by_videos_count	cited_by_accounts_count	cited_by_patents_count	mendeley	altmetric_score	is_oa	author.names	issn	citations	CiteScore	SJR	WebQualis	created	deposited	published.online	indexed	issue	issued	member	prefix	publisher	score	source	reference.count	references.count	is.referenced.by.count	subject	type	volume	short.container.title	published.print	language	page	update.policy	archive	subtitle	archive_	na.
“Text-neck”: an epidemic of the modern era of cell phones?	10.1016/j.spinee.2017.11.022	http://dx.doi.org/10.1016/j.spinee.2017.11.022	1529-9430	Spine Journal	Ney Meziat-Filho			2018	1660850403	3	0	0	0	51	0	40	0	43	0	58	25	FALSE	Ney Meziat-Filho, Arthur Sá Ferreira, Leandro Alberto Calazans Nogueira, Felipe José Jandre Reis	1529-9430	5	7.5	1.562	A2	NA	NA	NA	NA	NA	NA	NA	NA	NA	NA	NA	NA	NA	NA	NA	NA	NA	NA	NA	NA	NA	NA	NA	NA	NA	NA
Aging-related compensated hypogonadism: Role of metabolomic analysis in physiopathological and therapeutic evaluation	10.1016/j.jsbmb.2018.05.005	http://dx.doi.org/10.1016/j.jsbmb.2018.05.005	0960-0760	Journal of Steroid Biochemistry & Molecular Biology	Gustavo Monnerat			2018	1529396018	0	0	0	0	1	0	1	0	1	0	27	1	FALSE	Gustavo Monnerat, Fernando A.C. Seara, Joseph Albert Medeiros Evaristo, Gabriel Carneiro, Geisa Paulino Caprini Evaristo, Gilberto Domont, Jose Hamilton Matheus Nascimento, Jose Geraldo Mill, Fabio Cesar Souza Nogueira, Antonio Carlos Campos de Carvalho	0960-0760	21	9.6	0.968	A2	NA	NA	NA	NA	NA	NA	NA	NA	NA	NA	NA	NA	NA	NA	NA	NA	NA	NA	NA	NA	NA	NA	NA	NA	NA	NA
Balance control is impaired in adults with sickle cell anaemia	10.1080/08990220.2018.1481829	http://dx.doi.org/10.1080/08990220.2018.1481829	0899-0220	Somatosensory & Motor Research	Priscila Oliveira Silva			2018	1644922759	0	0	0	0	2	0	2	0	2	0	37	2	FALSE	Priscila Oliveira Silva, Arthur Sá Ferreira, Carla Martins de Araujo Lima, Fernando Silva Guimarães, Agnaldo José Lopes	0899-0220	2	NA	NA	B2	NA	NA	NA	NA	NA	NA	NA	NA	NA	NA	NA	NA	NA	NA	NA	NA	NA	NA	NA	NA	NA	NA	NA	NA	NA	NA
Carne de rã em dietas especiais: potencial de utilização como alimento funcional	10.20950/1678-2305.2017.99.106	http://dx.doi.org/10.20950/1678-2305.2017.99.106	1678-2305	Boletim do Instituto de Pesca	Lillian Paranhos Laurindo de OLIVEIRA			2017	1647112186	0	0	0	0	2	0	0	0	2	0	20	3	TRUE	Lillian Paranhos Laurindo de OLIVEIRA, José Teixeira de SEIXAS FILHO, Marcelo Maia PEREIRA, Silvia Conceição Reis Pereira MELLO	1678-2305	4	1.4	0.217	A4	NA	NA	NA	NA	NA	NA	NA	NA	NA	NA	NA	NA	NA	NA	NA	NA	NA	NA	NA	NA	NA	NA	NA	NA	NA	NA
Chronic low back pain and back muscle activity during functional tasks	10.1016/j.gaitpost.2018.01.021	http://dx.doi.org/10.1016/j.gaitpost.2018.01.021	0966-6362	Gait & Posture	Maicom Lima			2018	1683295200	4	1	0	1	29	0	15	0	21	0	219	29	FALSE	Maicom Lima, Arthur Sá Ferreira, Felipe José Jandre Reis, Vanessa Paes, Ney Meziat-Filho	0966-6362	30	4.8	0.779	A2	NA	NA	NA	NA	NA	NA	NA	NA	NA	NA	NA	NA	NA	NA	NA	NA	NA	NA	NA	NA	NA	NA	NA	NA	NA	NA
Continuous and Accumulated Bouts of Cycling Matched by Intensity and Energy Expenditure Elicit Similar Acute Blood Pressure Reductions in Prehypertensive Men	10.1519/jsc.0000000000002317	http://dx.doi.org/10.1519/jsc.0000000000002317	1064-8011	Journal of Strength & Conditioning Research	Guilherme F. Fonseca			2018	1644403512	0	0	0	0	4	0	3	0	3	0	28	2	TRUE	Guilherme F. Fonseca, Paulo T.V. Farinatti, Adrian W. Midgley, Arthur Ferreira, Tainah de Paula, Walace D. Monteiro, Felipe A. Cunha	1064-8011	10	6.8	1.3	A2	NA	NA	NA	NA	NA	NA	NA	NA	NA	NA	NA	NA	NA	NA	NA	NA	NA	NA	NA	NA	NA	NA	NA	NA	NA	NA
Education of traditional medicine for people with visual impairments in Brazil: Challenges and strategies	10.1016/j.imr.2020.100687	http://dx.doi.org/10.1016/j.imr.2020.100687	2213-4220	Integrative Medicine Research	Mércia Ferreira Souza			2021	1643365250	0	0	0	0	6	0	3	0	3	0	5	2	TRUE	Mércia Ferreira Souza, Arthur Sá Ferreira	2213-4220	1	5.0	0.475	A3	NA	NA	NA	NA	NA	NA	NA	NA	NA	NA	NA	NA	NA	NA	NA	NA	NA	NA	NA	NA	NA	NA	NA	NA	NA	NA
Effects of Acute Transcranial Direct Current Stimulation on Gait Kinematics of Individuals With Parkinson Disease	10.1097/tgr.0000000000000203	http://dx.doi.org/10.1097/tgr.0000000000000203	0882-7524	Topics in Geriatric Rehabilitation	Débora Cristina Lima da Silva			2018	1644485804	1	0	0	0	3	0	2	0	3	0	66	2	FALSE	Débora Cristina Lima da Silva, Thiago Lemos, Arthur de Sá Ferreira, Carlos Henrique Ramos Horsczaruk, Carla Andressa Pedron, Erika de Carvalho Rodrigues, Laura Alice Santos de Oliveira	0882-7524	10	1.1	0.197	B1	NA	NA	NA	NA	NA	NA	NA	NA	NA	NA	NA	NA	NA	NA	NA	NA	NA	NA	NA	NA	NA	NA	NA	NA	NA	NA
Embryonic stem cell-derived cardiomyocytes for the treatment of doxorubicin-induced cardiomyopathy	10.1186/s13287-018-0788-2	http://dx.doi.org/10.1186/s13287-018-0788-2	1757-6512	Stem Cell Research & Therapy	Danúbia Silva dos Santos			2018	1518009427	0	0	0	0	1	0	1	0	1	0	48	1	TRUE	Danúbia Silva dos Santos, Guilherme Visconde Brasil, Isalira Peroba Rezende Ramos, Fernanda Cristina Paccola Mesquita, Tais Hanae Kasai-Brunswick, Michelle Lopes Araújo Christie, Gustavo Monnerat Cahli, Raiana Andrade Quintanilha Barbosa, Sandro Torrentes da Cunha, Jonathas Xavier Pereira, Emiliano Medei, Antonio Carlos Campos de Carvalho, Adriana Bastos Carvalho, Regina Coeli dos Santos Goldenberg	1757-6512	11	11.8	1.498	A2	NA	NA	NA	NA	NA	NA	NA	NA	NA	NA	NA	NA	NA	NA	NA	NA	NA	NA	NA	NA	NA	NA	NA	NA	NA	NA
Evaluation of larvicidal, adulticidal, and anticholinesterase activities of essential oils of Illicium verum Hook. f., Pimenta dioica (L.) Merr., and Myristica fragrans Houtt. against Zika virus vectors	10.1007/s11356-018-2362-y	http://dx.doi.org/10.1007/s11356-018-2362-y	0944-1344	Environmental Science and Pollution Research	Diego Gomes da Rocha Voris			2018	1557447840	1	0	0	0	2	0	1	0	2	0	81	1	FALSE	Diego Gomes da Rocha Voris, Luciana dos Santos Dias, Josélia Alencar Lima, Keila dos Santos Cople Lima, José Bento Pereira Lima, Antônio Luís dos Santos Lima	0944-1344	33	7.9	0.944	A2	NA	NA	NA	NA	NA	NA	NA	NA	NA	NA	NA	NA	NA	NA	NA	NA	NA	NA	NA	NA	NA	NA	NA	NA	NA	NA
Feasibility of whole-body gait kinematics to assess the validity of the six-minute walk test over a 10-m walkway in the elderly	10.1016/j.bspc.2018.02.002	http://dx.doi.org/10.1016/j.bspc.2018.02.002	1746-8094	Biomedical Signal Processing and Control	Nathália Alves Oliveira Saraiva			2018	1644834876	0	0	0	0	4	0	2	0	2	0	23	1	FALSE	Nathália Alves Oliveira Saraiva, Fernando Silva Guimarães, Agnaldo José Lopes, Jannis Papathanasiou, Arthur Sá Ferreira	1746-8094	2	8.2	1.071	A1	NA	NA	NA	NA	NA	NA	NA	NA	NA	NA	NA	NA	NA	NA	NA	NA	NA	NA	NA	NA	NA	NA	NA	NA	NA	NA
Frog meat microbiota (Lithobates catesbeianus) used in infant food	10.1590/s0101-20612014005000004	http://dx.doi.org/10.1590/s0101-20612014005000004	1678-457X	Ciência e Tecnologia de Alimentos	Eliane Rodrigues			2014	1395750655	0	0	0	0	5	0	5	0	5	0	33	3	TRUE	Eliane Rodrigues, José Teixeira de Seixas Filho, Silvia Conceição Reis Pereira Mello, Airton Antonio Castagna, Marcos Aurélio de Sousa, Ulisses Pereira Silva	1678-457X	2	NA	0.435	B1	NA	NA	NA	NA	NA	NA	NA	NA	NA	NA	NA	NA	NA	NA	NA	NA	NA	NA	NA	NA	NA	NA	NA	NA	NA	NA
Home-based exercise program in TSP/HAM individuals: a feasibility and effectiveness study	10.1590/0004-282x20170022	http://dx.doi.org/10.1590/0004-282x20170022	0004-282X	Arquivos de Neuro-Psiquiatria	Lívia D Facchinetti			2017	1646599517	0	0	0	0	3	0	3	0	3	0	77	2	TRUE	Lívia D Facchinetti, Abelardo Q Araújo, Marcus TT Silva, Ana Claudia C Leite, Mariana F Azevedo, Gisele L Chequer, Raquel VC Oliveira, Arthur S Ferreira, Marco Antonio Lima	0004-282X	3	2.1	0.391	B2	NA	NA	NA	NA	NA	NA	NA	NA	NA	NA	NA	NA	NA	NA	NA	NA	NA	NA	NA	NA	NA	NA	NA	NA	NA	NA
Locating the Seventh Cervical Spinous Process: Accuracy of the Thorax-Rib Static Method and the Effects of Clinical Data on Its Performance	10.1016/j.jmpt.2016.10.011	http://dx.doi.org/10.1016/j.jmpt.2016.10.011	0161-4754	Journal of Manipulative & Physiological Therapeutics	Ana Paula A. Ferreira			2017	1645661909	1	0	0	0	3	0	2	0	3	0	27	2	FALSE	Ana Paula A. Ferreira, Luciana C. Póvoa, José F.C. Zanier, Arthur S. Ferreira	0161-4754	6	2.5	0.454	A2	NA	NA	NA	NA	NA	NA	NA	NA	NA	NA	NA	NA	NA	NA	NA	NA	NA	NA	NA	NA	NA	NA	NA	NA	NA	NA
Locating the Seventh Cervical Spinous Process: Development and Validation of a Multivariate Model Using Palpation and Personal Information	10.1016/j.jmpt.2016.10.012	http://dx.doi.org/10.1016/j.jmpt.2016.10.012	0161-4754	Journal of Manipulative & Physiological Therapeutics	Ana Paula A. Ferreira			2017	1645785227	0	0	0	0	1	0	1	0	1	0	20	1	FALSE	Ana Paula A. Ferreira, Luciana C. Póvoa, José F.C. Zanier, Arthur S. Ferreira	0161-4754	4	2.5	0.454	A2	NA	NA	NA	NA	NA	NA	NA	NA	NA	NA	NA	NA	NA	NA	NA	NA	NA	NA	NA	NA	NA	NA	NA	NA	NA	NA
Microwave assisted organic synthesis of benzophenothiazines: Photophysical and DFT calculations studies	10.1016/j.jlumin.2017.08.038	http://dx.doi.org/10.1016/j.jlumin.2017.08.038	0022-2313	Journal of Luminescence	Chiraz Belouezzane			2017	1574726400	0	0	0	0	1	0	0	0	1	1	14	3	FALSE	Chiraz Belouezzane, Angelo C. Pinto, Antônio L.S. Lima, Fabio S. Miranda	0022-2313	2	7.0	0.597	A2	NA	NA	NA	NA	NA	NA	NA	NA	NA	NA	NA	NA	NA	NA	NA	NA	NA	NA	NA	NA	NA	NA	NA	NA	NA	NA
Muscle function in women with systemic sclerosis: Association with fatigue and general physical function	10.1016/j.clinbiomech.2017.05.011	http://dx.doi.org/10.1016/j.clinbiomech.2017.05.011	0268-0033	Clinical Biomechanics	Amanda Cristina Justo			2017	1647107647	0	0	0	0	2	0	2	0	2	0	71	2	FALSE	Amanda Cristina Justo, Fernando Silva Guimarães, Arthur Sá Ferreira, Mauricio Santos Soares, Priscila Santos Bunn, Agnaldo José Lopes	0268-0033	13	3.7	0.541	A3	NA	NA	NA	NA	NA	NA	NA	NA	NA	NA	NA	NA	NA	NA	NA	NA	NA	NA	NA	NA	NA	NA	NA	NA	NA	NA
Nitrogen single-breath washout test for evaluating exercise tolerance and quality of life in patients with chronic obstructive pulmonary disease	10.1590/1414-431x20177059	http://dx.doi.org/10.1590/1414-431x20177059	1414-431X	Brazilian Journal of Medical and Biological Research	C.A.L. Deus			2018	1519682140	0	0	0	0	1	0	1	0	1	0	51	1	TRUE	C.A.L. Deus, P.S. Vigário, F.S. Guimarães, A.J. Lopes	1414-431X	4	4.5	0.528	A3	NA	NA	NA	NA	NA	NA	NA	NA	NA	NA	NA	NA	NA	NA	NA	NA	NA	NA	NA	NA	NA	NA	NA	NA	NA	NA
Pragmatic Combinations of Acupuncture Points for Lateral Epicondylalgia are Unreliable in the Physiotherapy Setting	10.1016/j.jams.2018.07.006	http://dx.doi.org/10.1016/j.jams.2018.07.006	2005-2901	Journal of Acupuncture and Meridian Studies	Danielle T. Alvim			2018	1673008712	0	0	0	0	5	0	3	0	3	0	58	2	TRUE	Danielle T. Alvim, Arthur S. Ferreira	2005-2901	2	1.8	0.235	A4	NA	NA	NA	NA	NA	NA	NA	NA	NA	NA	NA	NA	NA	NA	NA	NA	NA	NA	NA	NA	NA	NA	NA	NA	NA	NA
Reliability of two pragmatic tools for assessing text neck	10.1016/j.jbmt.2018.01.007	http://dx.doi.org/10.1016/j.jbmt.2018.01.007	1360-8592	Journal of Bodywork & Movement Therapies	Gerson Moreira Damasceno			2018	1644666506	2	0	0	0	19	0	13	0	15	0	89	9	FALSE	Gerson Moreira Damasceno, Arthur Sá Ferreira, Leandro Alberto Calazans Nogueira, Felipe José Jandre Reis, Rodrigo Wagner Lara, Ney Meziat-Filho	1360-8592	3	2.5	0.404	A2	NA	NA	NA	NA	NA	NA	NA	NA	NA	NA	NA	NA	NA	NA	NA	NA	NA	NA	NA	NA	NA	NA	NA	NA	NA	NA
Seated limits-of-stability of athletes with disabilities with regard to competitive levels and sport classification	10.1111/sms.12847	http://dx.doi.org/10.1111/sms.12847	0905-7188	Scandinavian Journal of Medicine & Science in Sports	P. B. R. Santos			2017	1645874510	0	0	0	0	1	0	1	0	1	0	66	1	FALSE	P. B. R. Santos, P. S. Vigário, M. R. M. Mainenti, A. S. Ferreira, T. Lemos	0905-7188	8	7.8	1.331	A1	NA	NA	NA	NA	NA	NA	NA	NA	NA	NA	NA	NA	NA	NA	NA	NA	NA	NA	NA	NA	NA	NA	NA	NA	NA	NA
Selenium Treatment and Chagasic Cardiopathy (STCC): study protocol for a double-blind randomized controlled trial	10.1186/1745-6215-15-388	http://dx.doi.org/10.1186/1745-6215-15-388	1745-6215	Trials	Pedro Emmanuel Alvarenga Americano do Brasil			2014	1433080929	0	0	0	0	4	0	4	0	4	0	376	3	TRUE	Pedro Emmanuel Alvarenga Americano do Brasil, Andréa Pereira de Souza, Alejandro Marcel Hasslocher-Moreno, Sérgio Salles Xavier, Sonia Regina Lambert Passos, Maria de Fátima Ramos Moreira, Marília Santini de Oliveira, Gilberto Marcelo Sperandio da Silva, Roberto Magalhães Saraiva, Claudia Santos de Aguiar Cardoso, Andréa Silvestre de Sousa, Mauro Felippe Felix Mediano, Maria da Gloria Bonecini de Almeida, Otacílio da Cruz Moreira, Constança Britto, Tania Cremonini de Araújo-Jorge	1745-6215	17	3.6	0.814	B1	NA	NA	NA	NA	NA	NA	NA	NA	NA	NA	NA	NA	NA	NA	NA	NA	NA	NA	NA	NA	NA	NA	NA	NA	NA	NA
Sensitivity for palpating lumbopelvic soft- tissues and bony landmarks and its associated factors: A single-blinded diagnostic accuracy study	10.3233/bmr-150356	http://dx.doi.org/10.3233/bmr-150356	1878-6324	Journal of Back & Musculoskeletal Rehabilitation	A.P.A. Ferreira			2017	1646218163	0	0	0	0	1	0	1	0	1	0	18	1	FALSE	A.P.A. Ferreira, L.C. Póvoa, J.F.C. Zanier, D.C. Machado, A.S. Ferreira	1878-6324	4	NA	0.421	NA	NA	NA	NA	NA	NA	NA	NA	NA	NA	NA	NA	NA	NA	NA	NA	NA	NA	NA	NA	NA	NA	NA	NA	NA	NA	NA
Single-Nucleotide-Polymorphism-Panel Population-Genetics Approach Based on the 1000 Genomes Database and Elite Soccer Players	10.1123/ijspp.2018-0715	http://dx.doi.org/10.1123/ijspp.2018-0715	1555-0265	International Journal of Sports Physiology and Performance	Gustavo Monnerat			2019	1542458108	0	0	0	0	2	0	2	0	2	0	65	1	FALSE	Gustavo Monnerat, Alex S. Maior, Marcio Tannure, Lia K.F.C. Back, Caleb G.M. Santos	1555-0265	2	6.1	1.333	A1	NA	NA	NA	NA	NA	NA	NA	NA	NA	NA	NA	NA	NA	NA	NA	NA	NA	NA	NA	NA	NA	NA	NA	NA	NA	NA
Systemic sclerosis: Association between physical function, handgrip strength and pulmonary function	10.1016/j.jbmt.2017.03.018	http://dx.doi.org/10.1016/j.jbmt.2017.03.018	1360-8592	Journal of Bodywork & Movement Therapies	Agnaldo José Lopes			2017	1647107672	0	0	0	0	2	0	2	0	2	0	41	2	FALSE	Agnaldo José Lopes, Amanda Cristina Justo, Arthur Sá Ferreira, Fernando Silva Guimaraes	1360-8592	7	2.5	0.404	A2	NA	NA	NA	NA	NA	NA	NA	NA	NA	NA	NA	NA	NA	NA	NA	NA	NA	NA	NA	NA	NA	NA	NA	NA	NA	NA
TELHADO VERDE DE BAIXO INVESTIMENTO COMPOSTO POR PLANTAS MEDICINAIS E AROMÁTICAS	10.15202/1981996x.2015v9n2p48	http://dx.doi.org/10.15202/1981996x.2015v9n2p48	1981-996X	Semioses	Rodrigo Otavio Lopes de Souza			2016	1653264000	0	0	0	1	1	0	0	0	1	0	4	7	TRUE	Rodrigo Otavio Lopes de Souza, Maria Luzia Soares Sampaio Ferreira, Carlos Alexandre Bastos de Vasconcellos	1981-996X	1	NA	NA	B3	NA	NA	NA	NA	NA	NA	NA	NA	NA	NA	NA	NA	NA	NA	NA	NA	NA	NA	NA	NA	NA	NA	NA	NA	NA	NA
Text neck and neck pain in 18–21-year-old young adults	10.1007/s00586-017-5444-5	http://dx.doi.org/10.1007/s00586-017-5444-5	0940-6719	European Spine Journal	Gerson Moreira Damasceno			2018	1686240002	44	2	0	2	457	0	283	9	340	0	339	234	FALSE	Gerson Moreira Damasceno, Arthur Sá Ferreira, Leandro Alberto Calazans Nogueira, Felipe José Jandre Reis, Igor Caio Santana Andrade, Ney Meziat-Filho	0940-6719	39	4.7	0.942	A1	NA	NA	NA	NA	NA	NA	NA	NA	NA	NA	NA	NA	NA	NA	NA	NA	NA	NA	NA	NA	NA	NA	NA	NA	NA	NA
&lt;b&gt;Influence of the number of feeding environments on the performance of bullfrog tadpoles&lt;/b&gt; - doi: 10.4025/actascibiolsci.v36i1.16757	10.4025/actascibiolsci.v36i1.16757	http://dx.doi.org/10.4025/actascibiolsci.v36i1.16757	NA	Acta Scientiarum. Biological Sciences	NA	NA	NA	2014	NA	NA	NA	NA	NA	NA	NA	NA	NA	NA	NA	NA	NA	TRUE	Airton Antonio Castagna, José Teixeira Seixas Filho, Eliane Rodrigues, Sílvia Conceição Reis Pereira Mello, Jorge Luiz Pereira Lima, Marcelo Maia Pereira	1807-863X,1679-9283	0	0.9	0.201	B2	2014-02-13	2014-02-13	2014-02-13	2022-04-05	1	2014-02-13	2451	10.4025	Universidade Estadual de Maringa	1	Crossref	0	0	1	General Agricultural and Biological Sciences,General Biochemistry, Genetics and Molecular Biology	journal-article	36	Acta Sci. Biol. Sci.	NA	NA	NA	NA	NA	NA	NA	NA
&lt;b&gt;Liver histopathological changes in breeding bullfrogs&lt;/b&gt; - doi: 10.4025/actascibiolsci.v35i4.15981	10.4025/actascibiolsci.v35i4.15981	http://dx.doi.org/10.4025/actascibiolsci.v35i4.15981	NA	Acta Scientiarum. Biological Sciences	NA	NA	NA	2013	NA	NA	NA	NA	NA	NA	NA	NA	NA	NA	NA	NA	NA	TRUE	José Teixeira de Seixas Filho, Márcio Hipólito, Marcelo Maia Pereira, Ana Maria C. R. Pinto da Fonseca Martins, Eliane Rodrigues, Sílvia Conceição Reis Pereira Mello	1807-863X,1679-9283	2	0.9	0.201	B2	2013-12-19	2013-12-19	2013-12-18	2022-04-07	4	2013-12-18	2451	10.4025	Universidade Estadual de Maringa	1	Crossref	0	0	2	General Agricultural and Biological Sciences,General Biochemistry, Genetics and Molecular Biology	journal-article	35	Acta Sci. Biol. Sci.	NA	NA	NA	NA	NA	NA	NA	NA
A QUARTA REVOLUÇÃO INDUSTRIAL SOB O TRIPÉ DA SUSTENTABILIDADE	10.15202/1981996x.2019v13n3p76-86	http://dx.doi.org/10.15202/1981996x.2019v13n3p76-86	NA	Semioses	NA	NA	NA	2019	NA	NA	NA	NA	NA	NA	NA	NA	NA	NA	NA	NA	NA	FALSE	Meline Melegario Lima, Maria Geralda De Miranda, Patricia Maria Dusek, Kátia Eliane Santos Avelar	1981-996X	0	NA	NA	B3	2019-09-25	2019-09-25	2019-09-24	2022-04-01	3	2019-09-24	7456	10.15202	Sociedade Unificada de Ensino Augusto Motta -UNISUAM	1	Crossref	0	0	0	General Medicine	journal-article	13	Semioses	NA	NA	76-86	NA	NA	NA	NA	NA
A TRAJETÓRIA DA EDUCAÇÃO BRASILEIRA NO CONTEXTO ECONÔMICO	10.21573/vol35n22019.91228	http://dx.doi.org/10.21573/vol35n22019.91228	NA	Revista Brasileira de Política e Administração da Educação - Periódico científico editado pela ANPAE	NA	NA	NA	2019	NA	NA	NA	NA	NA	NA	NA	NA	NA	NA	NA	NA	NA	TRUE	ANDRÉA MARIA DE MELO COUTO DE OLIVEIRA, Patricia Maria Dusek, Kátia Eliane Santos Avelar	2447-4193,1678-166X	0	NA	NA	A1	2019-09-03	2019-09-03	2019-08-27	2022-04-01	2	2019-08-27	9025	10.21573	Revista Brasileira de Politica e Administracao da Educacao - RBPAE	1	Crossref	0	0	0	Ocean Engineering,Safety, Risk, Reliability and Quality	journal-article	35	RBPAE	NA	NA	369	NA	NA	NA	NA	NA
A UNIVERSIDADE RUMO À EDUCAÇÃO DO NOVO MILÊNIO, POR UMA FORMAÇÃO DOCENTE INTERDISCIPLINAR	10.15202/10.15202/1981-996x.2016v10n1p1	http://dx.doi.org/10.15202/10.15202/1981-996x.2016v10n1p1	NA	Semioses	NA	NA	NA	2016	NA	NA	NA	NA	NA	NA	NA	NA	NA	NA	NA	NA	NA	TRUE	Silvia Helena Mousinho, Maria Geralda De Miranda	1981-996X	0	NA	NA	B3	2016-09-23	2016-11-16	2016-09-23	2022-03-29	1	2016-09-23	7456	10.15202	Sociedade Unificada de Ensino Augusto Motta -UNISUAM	1	Crossref	0	0	0	General Medicine	journal-article	10	NA	NA	NA	NA	NA	NA	NA	NA	NA
A VIOLÊNCIA SIMBÓLICA NA SOCIEDADE DO CANSAÇO DO SÉCULO XXI	10.15202/1981896.2018v23n46p30	http://dx.doi.org/10.15202/1981896.2018v23n46p30	NA	Revista Augustus	NA	NA	NA	2018	NA	NA	NA	NA	NA	NA	NA	NA	NA	NA	NA	NA	NA	FALSE	Francisco Antonio Vieira Cordeiro, Reis Friede, Maria Geralda De Miranda	1981-1896	1	NA	NA	NA	2018-12-18	2018-12-18	2018-12-06	2022-10-10	46	2018-12-06	7456	10.15202	Sociedade Unificada de Ensino Augusto Motta -UNISUAM	1	Crossref	0	0	1	General Medicine	journal-article	23	revistaaugustus	NA	NA	30-53	NA	NA	NA	NA	NA
Addition of Ornamental Stone Waste to Improve Distinct Formulations of Clayey Ceramics	10.4028/www.scientific.net/msf.820.419	http://dx.doi.org/10.4028/www.scientific.net/msf.820.419	NA	Materials Science Forum	NA	NA	NA	2015	NA	NA	NA	NA	NA	NA	NA	NA	NA	NA	NA	NA	NA	FALSE	Carlos Mauricio Fontes Vieira, Thiago Samarão Motta, Verônica Scarpini Cândido, Sergio Neves Monteiro	1662-9752	5	1.0	0.185	B3	2015-06-26	2021-01-12	2015-06	2022-04-03	NA	2015-06	2457	10.4028	Trans Tech Publications, Ltd.	1	Crossref	17	17	5	Mechanical Engineering,Mechanics of Materials,Condensed Matter Physics,General Materials Science	journal-article	820	MSF	NA	NA	419-424	NA	NA	NA	NA	NA
American influencies in Brazilian physical education: clues in the specialised periodical press (1932–1950)	10.1080/13573322.2014.979145	http://dx.doi.org/10.1080/13573322.2014.979145	NA	Sport, Education and Society	NA	NA	NA	2014	NA	NA	NA	NA	NA	NA	NA	NA	NA	NA	NA	NA	NA	FALSE	Omar Schneider, Amarílio Ferreira Neto, André da Silva Mello, Wagner dos Santos, Sebastião Josué Votre, Wallace Rocha Assunção	1357-3322,1470-1243	0	6.9	1.129	A1	2014-11-13	2019-08-17	2014-11-13	2022-04-01	7	2014-11-13	301	10.1080	Informa UK Limited	1	Crossref	35	35	0	Education,Physical Therapy, Sports Therapy and Rehabilitation,Orthopedics and Sports Medicine	journal-article	21	Sport, Education and Society	2016-10-02	en	1053-1070	http://dx.doi.org/10.1080/tandf_crossmark_01	NA	NA	NA	NA
ANÁLISE DA VIOLÊNCIA DOMÉSTICA NO AMBIENTE DA FAVELA	10.22408/reva502020337e-5013	http://dx.doi.org/10.22408/reva502020337e-5013	NA	Revista Valore	NA	NA	NA	2021	NA	NA	NA	NA	NA	NA	NA	NA	NA	NA	NA	NA	NA	TRUE	José Teixeira  de Seixas Filho, Flavia Miranda de Freitas Xerfan, Sílvia Conceição Reis Pereira Mello, Patrícia Maria Dusek	2526-043X,2525-9008	0	NA	NA	B2	2023-05-16	2023-05-16	2021-01-07	2023-05-17	NA	2021-01-07	9701	10.22408	Instituto de Cultura Tecnica Sociedade Civil Ltda	1	Crossref	0	0	0	Industrial and Manufacturing Engineering,Surfaces, Coatings and Films	journal-article	5	REVA	NA	NA	NA	NA	NA	NA	NA	NA
ANÁLISE NUMÉRICA DOS ESFORÇOS AERODINÂMICOS PROVENIENTES DE FURACÕES SOBREPAINEIS FOTOVOLTAICOS EXISTENTES NOS ESTADOS UNIDOS DA AMÉRICA	10.15202/1981996x.2017v11n2p64	http://dx.doi.org/10.15202/1981996x.2017v11n2p64	NA	Semioses	NA	NA	NA	2017	NA	NA	NA	NA	NA	NA	NA	NA	NA	NA	NA	NA	NA	TRUE	Katherine Bittencourt Mendes Leitão, Andre Luiz Tenório Rezende, Neelkanth Gurupad Dhere	1981-996X	0	NA	NA	B3	2017-10-30	2017-10-30	2017-10-27	2022-03-31	2	2017-10-27	7456	10.15202	Sociedade Unificada de Ensino Augusto Motta -UNISUAM	1	Crossref	0	0	0	General Medicine	journal-article	11	NA	NA	NA	NA	NA	NA	NA	NA	NA
APLICATIVO FAST WAY: PROPOSTA PARA MOBILIDADE URBANA	10.15202/19811896.2016v21n41p40	http://dx.doi.org/10.15202/19811896.2016v21n41p40	NA	Revista Augustus	NA	NA	NA	2016	NA	NA	NA	NA	NA	NA	NA	NA	NA	NA	NA	NA	NA	TRUE	Denilson Estevam de Oliveira, Everton Rangel Bispo, Marcelo Azevedo Neves, Verônica Scarpini Cândido	1981-1896,1415-398X	0	NA	NA	NA	2016-06-22	2016-06-22	2016-06-20	2022-03-30	41	2016-06-20	7456	10.15202	Sociedade Unificada de Ensino Augusto Motta -UNISUAM	1	Crossref	0	0	0	General Medicine	journal-article	21	Rev. Augustus	NA	NA	NA	NA	NA	NA	NA	NA
Aproveitamento Integral de Alimentos e o seu Impacto na Saúde	10.18472/sustdeb.v6n3.2015.16105	http://dx.doi.org/10.18472/sustdeb.v6n3.2015.16105	NA	Sustainability in Debate	NA	NA	NA	2015	NA	NA	NA	NA	NA	NA	NA	NA	NA	NA	NA	NA	NA	TRUE	Fabiane Toste Cardoso, Silvana Camello Fróes, Reis Friede, Maria Geralda De Miranda, Carla Junqueira Chagas, Kátia Eliane Santos Avelar	2179-9067,2177-7675	3	0.8	0.202	B2	2015-12-24	2022-09-16	2015-12-23	2022-09-17	3	2015-12-23	7730	10.18472	Editora de Livros IABS	1	Crossref	0	0	3	Management, Monitoring, Policy and Law,Development	journal-article	6	SustDeb	NA	NA	131-143	NA	NA	NA	NA	NA
ASPECTOS DA AQUICULTURA E SUA IMPORTÂNCIA NA PRODUÇÃO DE ALIMENTOS DE ALTO VALOR BIOLÓGICO	10.15202/1981996x.2017v11n2p28	http://dx.doi.org/10.15202/1981996x.2017v11n2p28	NA	Semioses	NA	NA	NA	2017	NA	NA	NA	NA	NA	NA	NA	NA	NA	NA	NA	NA	NA	FALSE	Silvia Conceição Reis Pereira Mello, Elaine Da Conceição Pinto de Oliveira, Jose Teixeira de Seixas Filho	1981-996X	1	NA	NA	B3	2017-10-30	2017-10-30	2017-10-27	2022-04-02	2	2017-10-27	7456	10.15202	Sociedade Unificada de Ensino Augusto Motta -UNISUAM	1	Crossref	0	0	1	General Medicine	journal-article	11	NA	NA	NA	NA	NA	NA	NA	NA	NA
Assessment of the Technological Properties of High Temperature Fired Clayey Ceramics Incorporated with Glass Waste	10.4028/www.scientific.net/msf.820.449	http://dx.doi.org/10.4028/www.scientific.net/msf.820.449	NA	Materials Science Forum	NA	NA	NA	2015	NA	NA	NA	NA	NA	NA	NA	NA	NA	NA	NA	NA	NA	FALSE	Alline Sardinha Cordeiro Morais, Thais Mardegan Louzada, Veronica Scarpini Candido, Sergio Neves Monteiro, Carlos Mauricio Fontes Vieira	1662-9752	0	1.0	0.185	B3	2015-06-26	2021-01-12	2015-06	2022-03-31	NA	2015-06	2457	10.4028	Trans Tech Publications, Ltd.	1	Crossref	25	25	0	Mechanical Engineering,Mechanics of Materials,Condensed Matter Physics,General Materials Science	journal-article	820	MSF	NA	NA	449-454	NA	NA	NA	NA	NA
Autoantibodies with beta-adrenergic activity from chronic chagasic patients induce cardiac arrhythmias and early afterdepolarization in a drug-induced LQT2 rabbit hearts	10.1016/j.ijcard.2017.02.066	http://dx.doi.org/10.1016/j.ijcard.2017.02.066	NA	International Journal of Cardiology	NA	NA	NA	2017	NA	NA	NA	NA	NA	NA	NA	NA	NA	NA	NA	NA	NA	FALSE	Marco Antonio Vidal Jiménez, José H.M. Nascimento, Gustavo Monnerat, Leonardo Maciel, Claudia N. Paiva, Roberto Coury Pedrosa, Antonio C. Campos de Carvalho, Emiliano Medei	0167-5273	7	7.0	1.122	A2	2017-03-01	2018-09-03	NA	2022-03-30	NA	2017-08	78	10.1016	Elsevier BV	1	Crossref	30	30	6	Cardiology and Cardiovascular Medicine	journal-article	240	International Journal of Cardiology	2017-08	en	354-359	http://dx.doi.org/10.1016/elsevier_cm_policy	NA	NA	NA	NA
Ballistic behavior of epoxy matrix composites reinforced with piassava fiber against high energy ammunition	10.1016/j.jmrt.2019.12.004	http://dx.doi.org/10.1016/j.jmrt.2019.12.004	NA	Journal of Materials Research and Technology	NA	NA	NA	2020	NA	NA	NA	NA	NA	NA	NA	NA	NA	NA	NA	NA	NA	TRUE	Fabio Da Costa Garcia Filho, Michelle Souza Oliveira, Artur Camposo Pereira, Lucio Fabio Cassiano Nascimento, José Ricardo Gomes Matheus, Sergio Neves Monteiro	2238-7854	34	8.5	1.05	A1	2019-12-23	2020-10-08	NA	2023-06-17	2	2020-03	78	10.1016	Elsevier BV	1	Crossref	35	35	34	Metals and Alloys,Surfaces, Coatings and Films,Biomaterials,Ceramics and Composites	journal-article	9	Journal of Materials Research and Technology	2020-03	en	1734-1741	http://dx.doi.org/10.1016/elsevier_cm_policy	NA	NA	NA	NA
Biogenic Amines: A Public Health Problem	10.5935/1984-6835.20130018	http://dx.doi.org/10.5935/1984-6835.20130018	NA	Revista Virtual de Química	NA	NA	NA	2013	NA	NA	NA	NA	NA	NA	NA	NA	NA	NA	NA	NA	NA	TRUE	M. Cardozo, K. S. C. Lima, T. C. C. França, A. L. S. Lima	1984-6835	4	0.7	0.151	B2	2014-08-01	2016-11-28	NA	2022-04-04	2	2013	9021	10.21577	Sociedade Brasileira de Quimica (SBQ)	1	Crossref	0	0	4	General Chemistry	journal-article	5	NA	2013	en	NA	NA	NA	NA	NA	NA
Bone-Marrow-Derived Mesenchymal Stromal Cells (MSC) from Diabetic and Nondiabetic Rats Have Similar Therapeutic Potentials	10.5935/abc.20170176	http://dx.doi.org/10.5935/abc.20170176	NA	Arquivos Brasileiros de Cardiologia	NA	NA	NA	2017	NA	NA	NA	NA	NA	NA	NA	NA	NA	NA	NA	NA	NA	TRUE	Vitória Santório de São José, Gustavo Monnerat, Barbara Guerra, Bruno Dias Paredes, Tais Hanae Kasai-Brunswick, Antonio Carlos Campos de Carvalho, Emiliano Medei	0066-782X	6	3.4	0.359	B2	2017-11-07	2021-03-05	NA	2023-01-09	NA	2017	22636	10.36660	Sociedade Brasileira de Cardiologia	1	Crossref	0	0	6	Cardiology and Cardiovascular Medicine	journal-article	NA	NA	2017	en	NA	NA	NA	NA	NA	NA
Brazilian Portuguese Version of the Amputee Body Image Scale: Cultural Adaptation and a Psychometric Analysis	10.1177/0031512518767755	http://dx.doi.org/10.1177/0031512518767755	NA	Perceptual and Motor Skills	NA	NA	NA	2018	NA	NA	NA	NA	NA	NA	NA	NA	NA	NA	NA	NA	NA	FALSE	Lucilene Ferreira, Alinne G. M. Meregui, Miriam R. M. Mainenti, Patrícia S. Vigário, Angela N. Neves	0031-5125,1558-688X	2	2.8	0.465	B1	2018-04-10	2018-04-10	2018-04-09	2022-04-14	NA	2018-04-09	179	10.1177	SAGE Publications	1	Crossref	46	46	2	Sensory Systems,Experimental and Cognitive Psychology	journal-article	NA	Percept Mot Skills	NA	en	003151251876775	http://dx.doi.org/10.1177/sage-journals-update-policy	NA	NA	NA	NA
Cadê a minha cidade, ou o impacto da tragédia da Samarco na vida dos moradores de Bento Rodrigues	10.20435/inter.v18i2.1410	http://dx.doi.org/10.20435/inter.v18i2.1410	NA	Interações (Campo Grande)	NA	NA	NA	2017	NA	NA	NA	NA	NA	NA	NA	NA	NA	NA	NA	NA	NA	TRUE	Maria Geralda Miranda, Reis Friede, Aline Cordeiro Rodrigues, Dafne Sampaio Almeida	1984-042X	6	NA	NA	A3	2017-05-30	2020-09-09	2017-05-30	2022-06-14	NA	2017-05-30	8337	10.20435	Universidade Catolica Dom Bosco	1	Crossref	0	0	6	NA	journal-article	NA	Inter	NA	NA	3-12	NA	NA	NA	NA	NA
CFD and Chemical Defense	10.5935/1984-6835.20140049	http://dx.doi.org/10.5935/1984-6835.20140049	NA	Revista Virtual de Química	NA	NA	NA	2014	NA	NA	NA	NA	NA	NA	NA	NA	NA	NA	NA	NA	NA	TRUE	Ardson S. Vianna Jr., Fábio C. S. de Siqueira, Leandro R. Quintal, Antônio Luiz S. Lima	1984-6835	0	0.7	0.151	B2	2014-04-23	2016-11-28	NA	2022-03-31	3	2014	9021	10.21577	Sociedade Brasileira de Quimica (SBQ)	1	Crossref	0	0	0	General Chemistry	journal-article	6	NA	2014	en	NA	NA	NA	NA	NA	NA
Characterization of Precursor Clay Body and Weibull Analysis of the Compressive Strength of Structural Blocks	10.4028/www.scientific.net/msf.820.438	http://dx.doi.org/10.4028/www.scientific.net/msf.820.438	NA	Materials Science Forum	NA	NA	NA	2015	NA	NA	NA	NA	NA	NA	NA	NA	NA	NA	NA	NA	NA	FALSE	Neila Gondim Azeredo, Jonas Alexandre, Afonso Rangel Garcez de Azevedo, Gustavo de Castro Xavier, Veronica Scarpini Candido, Sergio Neves Monteiro	1662-9752	0	1.0	0.185	B3	2015-06-26	2021-01-12	2015-06	2022-03-31	NA	2015-06	2457	10.4028	Trans Tech Publications, Ltd.	1	Crossref	10	10	0	Mechanical Engineering,Mechanics of Materials,Condensed Matter Physics,General Materials Science	journal-article	820	MSF	NA	NA	438-442	NA	NA	NA	NA	NA
Chemical composition and antinociceptive activity of the essential oil of Piper mollicomum and Piper rivinoides	10.5897/jmpr2013.4425	http://dx.doi.org/10.5897/jmpr2013.4425	NA	Journal of Medicinal Plants Research	NA	NA	NA	2014	NA	NA	NA	NA	NA	NA	NA	NA	NA	NA	NA	NA	NA	TRUE	P. de Souza Stefnia, S. Valverde Simone, F. Costa Nathalia, S. Calheiros Andrea, S. C. Lima Keila, S. Frutuoso Valber, L. S. Lima Antnio	1996-0875	8	NA	NA	B3	2014-11-06	2020-08-26	2014-06-10	2022-12-16	22	2014-06-10	3908	10.5897	Academic Journals	1	Crossref	26	26	8	Complementary and alternative medicine,Plant Science,Drug Discovery,Pharmaceutical Science,Pharmacology	journal-article	8	J. Med. Plants Res.	NA	NA	788-793	http://dx.doi.org/10.5897/crossmark_policy	NA	NA	NA	NA
Clay bricks added with effluent sludge from paper industry: Technical, economical and environmental benefits	10.1016/j.clay.2016.07.001	http://dx.doi.org/10.1016/j.clay.2016.07.001	NA	Applied Clay Science	NA	NA	NA	2016	NA	NA	NA	NA	NA	NA	NA	NA	NA	NA	NA	NA	NA	FALSE	Carlos Maurício F. Vieira, Regina M. Pinheiro, Ruben J. Sanchez Rodriguez, Veronica S. Candido, Sergio N. Monteiro	0169-1317	49	10.8	0.985	A1	2016-07-10	2019-08-10	NA	2023-06-28	NA	2016-11	78	10.1016	Elsevier BV	1	Crossref	58	58	49	Geochemistry and Petrology,Geology	journal-article	132-133	Applied Clay Science	2016-11	en	753-759	http://dx.doi.org/10.1016/elsevier_cm_policy	NA	NA	NA	NA
COLETA SELETIVA DE RESÍDUO SÓLIDO URBANO: UM COMPARATIVO ENTRE AS CIDADES DE BELO HORIZONTE E RIO DE JANEIRO	10.15202/1981996x.2016v10n2p77	http://dx.doi.org/10.15202/1981996x.2016v10n2p77	NA	Semioses	NA	NA	NA	2016	NA	NA	NA	NA	NA	NA	NA	NA	NA	NA	NA	NA	NA	TRUE	Débora Coqui Coqui, Rodrigo Otavio De Souza, Roy Reis Friede	1981-996X	0	NA	NA	B3	2016-11-11	2016-11-14	2016-11-14	2022-04-03	2	2016-11-14	7456	10.15202	Sociedade Unificada de Ensino Augusto Motta -UNISUAM	1	Crossref	0	0	0	General Medicine	journal-article	10	NA	NA	NA	NA	NA	NA	NA	NA	NA
Coleta seletiva e educação ambiental: reciclar valores e reduzir o lixo	10.25053/redufor.v4i11.924	http://dx.doi.org/10.25053/redufor.v4i11.924	NA	Educação Formação	NA	NA	NA	2019	NA	NA	NA	NA	NA	NA	NA	NA	NA	NA	NA	NA	NA	TRUE	Reis Friede, Danielle Reis, Katia Avelar, Maria Geralda de Miranda	2448-3583	1	NA	NA	A3	2019-05-01	2021-06-01	2019-05-01	2022-04-04	11 mai/ago	2019-05-01	10693	10.25053	Educacao e Formacao	1	Crossref	24	24	1	General Medicine	journal-article	4	Redufor	NA	pt	117-141	http://dx.doi.org/10.25053/retratacao	NA	NA	LOCKSS	LOCKSS
Comparison of Turbulence Models in the Flow over a Backward Facing Step	10.25125/engineering-journal-ijoer-nov-2017-19	http://dx.doi.org/10.25125/engineering-journal-ijoer-nov-2017-19	NA	International Journal of Engineering Research and Science	NA	NA	NA	2017	NA	NA	NA	NA	NA	NA	NA	NA	NA	NA	NA	NA	NA	TRUE	Priscila Pires Araujo, André Luiz Tenório Rezende	2395-6992	5	NA	NA	C	2017-12-10	2017-12-10	2017-11-30	2023-05-15	11	2017-11-30	10749	10.25125	AD Publications	1	Crossref	0	0	5	Industrial and Manufacturing Engineering,Metals and Alloys,Strategy and Management,Mechanical Engineering	journal-article	3	IJOER	NA	NA	88-93	NA	NA	NA	NA	NA
CONHECIMENTO DE ESTUDANTES DA EDUCAÇÃO BÁSICA SOBRE IGUALDADE DE GÊNERO	10.15202/1981996x.2018v12n2p51	http://dx.doi.org/10.15202/1981996x.2018v12n2p51	NA	Semioses	NA	NA	NA	2018	NA	NA	NA	NA	NA	NA	NA	NA	NA	NA	NA	NA	NA	FALSE	Renata Corrêa Sinimbú Gomes, Maria Geralda De Miranda, Patricia Maria Dusek, Kátia Eliane Santos Avelar	1981-996X	0	NA	NA	B3	2018-09-06	2018-09-06	2018-07-27	2022-03-30	2	2018-07-27	7456	10.15202	Sociedade Unificada de Ensino Augusto Motta -UNISUAM	1	Crossref	0	0	0	General Medicine	journal-article	12	Semioses	NA	NA	51-66	NA	NA	NA	NA	NA
CONTROLE POSTURAL DE ATLETAS COM DIFERENTES GRAUS DE  DEFICIÊNCIA VISUAL	10.4025/jphyseduc.v29i1.2936	http://dx.doi.org/10.4025/jphyseduc.v29i1.2936	NA	Journal of Physical Education	NA	NA	NA	2018	NA	NA	NA	NA	NA	NA	NA	NA	NA	NA	NA	NA	NA	TRUE	Claudemir do Nascimento Santos, Thiago Lemos de Carvalho, Lilian Ramiro Felício, Míriam Raquel  Meira Mainenti, Patrícia dos Santos Vigário	2448-2455	3	0.7	0.165	B1	2018-05-15	2018-05-15	2018	2023-03-27	1	2018	2451	10.4025	Universidade Estadual de Maringa	1	Crossref	0	0	3	Public Health, Environmental and Occupational Health,Education	journal-article	29	J Phys Educ	NA	NA	NA	NA	NA	NA	NA	NA
Degradation of Phenylethylamine and Tyramine by Gamma Radiation Process and Docking Studies of its Radiolytes	10.5935/0103-5053.20140100	http://dx.doi.org/10.5935/0103-5053.20140100	NA	Journal of the Brazilian Chemical Society	NA	NA	NA	2014	NA	NA	NA	NA	NA	NA	NA	NA	NA	NA	NA	NA	NA	TRUE	Monique Cardozo, Stefânia Priscila de Souza, Keila dos Santos Cople Lima, Aline Alves Oliveira, Cláudia Moraes Rezende, Tanos Celmar Costa França, Antonio Luis dos Santos Lima	0103-5053	2	3.8	0.316	A2	2014-05-14	2017-04-13	NA	2022-03-31	NA	2014	9021	10.21577	Sociedade Brasileira de Quimica (SBQ)	1	Crossref	0	0	2	General Chemistry	journal-article	NA	NA	2014	en	NA	NA	NA	NA	NA	NA
Demografia e Estabilidade Ambiental	10.4322/pagmar.2446-4791.2015.010	http://dx.doi.org/10.4322/pagmar.2446-4791.2015.010	NA	Revista PAGMAR (Online)	NA	NA	NA	2016	NA	NA	NA	NA	NA	NA	NA	NA	NA	NA	NA	NA	NA	TRUE	Reis Friede	2446-4791	0	NA	NA	B3	2015-12-11	2016-10-31	NA	2022-04-03	4	2016	2869	10.4322	Editora Cubo	1	Crossref	0	0	0	General Medicine	journal-article	4	PAGMAR	2016	NA	82-84	NA	NA	NA	NA	NA
Development of a water recirculating system for bullfrog production: technological innovation for small farmers	10.1590/s1413-70542016000100006	http://dx.doi.org/10.1590/s1413-70542016000100006	NA	Ciência e Agrotecnologia	NA	NA	NA	2016	NA	NA	NA	NA	NA	NA	NA	NA	NA	NA	NA	NA	NA	TRUE	Sílvia Conceição Reis Pereira Mello, Roberto Rodrigues de Oliveira, Marcelo Maia Pereira, Eliane Rodrigues, Willian Nascimento Silva, José Teixeira de Seixas Filho	1413-7054	4	2.5	0.34	A2	2016-02-20	2020-09-15	NA	2022-12-31	1	2016-02	530	10.1590	FapUNIFESP (SciELO)	1	Crossref	25	25	4	Soil Science,General Veterinary,Agronomy and Crop Science,Animal Science and Zoology,Food Science	journal-article	40	Ciênc. agrotec.	2016-02	NA	67-75	NA	NA	NA	NA	NA
DIAGNÓSTICO DO PRODUTOR FAMILIAR: DESENVOLVIMENTO LOCAL PELO ASSOCIATIVISMO EM RANICULTURA NO MUNICÍPIO DE ITAGUAÍ NO ESTADO DO RIO DE JANEIRO	10.15202/1981996x.2017v11n2p17	http://dx.doi.org/10.15202/1981996x.2017v11n2p17	NA	Semioses	NA	NA	NA	2017	NA	NA	NA	NA	NA	NA	NA	NA	NA	NA	NA	NA	NA	FALSE	Adian de Paula Francisco Almeida, Félix Gargia Lopez, José Teixeira de Seixas Filho	1981-996X	1	NA	NA	B3	2017-10-31	2017-10-31	2017-10-27	2022-12-31	2	2017-10-27	7456	10.15202	Sociedade Unificada de Ensino Augusto Motta -UNISUAM	1	Crossref	0	0	1	General Medicine	journal-article	11	NA	NA	NA	NA	NA	NA	NA	NA	NA
DISTRIBUIÇÃO FÍSICA DE GENES NO CROMOSSOMO COMO MÉTODO DE DIAGNÓSTICO	10.15202/1981996x.2017v11n3p77	http://dx.doi.org/10.15202/1981996x.2017v11n3p77	NA	Semioses	NA	NA	NA	2017	NA	NA	NA	NA	NA	NA	NA	NA	NA	NA	NA	NA	NA	TRUE	Hugo Ribeiro, Daniela Ornellas, Iraci Leal, Zenildo Buarque de Moarais Filho, Silvana Daflon Castricini, Katia Eliane Santos Avelar, Rachel Santos de Menezes	1981-996X	0	NA	NA	B3	2017-12-20	2017-12-20	2017-12-20	2022-04-05	3	2017-12-20	7456	10.15202	Sociedade Unificada de Ensino Augusto Motta -UNISUAM	1	Crossref	0	0	0	General Medicine	journal-article	11	NA	NA	NA	NA	NA	NA	NA	NA	NA
DOENÇA DE CUSHING POR MACROADENOMA: RELATO DE CASO	10.15202/1981996x.2018v12n3p93	http://dx.doi.org/10.15202/1981996x.2018v12n3p93	NA	Semioses	NA	NA	NA	2018	NA	NA	NA	NA	NA	NA	NA	NA	NA	NA	NA	NA	NA	TRUE	Dara Galo Marques Salomé, Nathalia Gomes Da Silva, Marco Orsini, Eduardo Tavares Lima Trajano, Patricia Maria Dusek, José Teixeira De Seixas Filho	1981-996X	0	NA	NA	B3	2018-09-28	2019-09-12	2018-09-28	2022-03-29	3	2018-09-28	7456	10.15202	Sociedade Unificada de Ensino Augusto Motta -UNISUAM	1	Crossref	0	0	0	General Medicine	journal-article	12	Semioses	NA	NA	93-102	NA	NA	NA	NA	NA
Does the Kinesio Tape Provide more Knee Extensor Torque?	10.5812/asjsm.63946	http://dx.doi.org/10.5812/asjsm.63946	NA	Asian Journal of Sports Medicine	NA	NA	NA	2018	NA	NA	NA	NA	NA	NA	NA	NA	NA	NA	NA	NA	NA	TRUE	Mauricio dos Santos Soares, Agnaldo Jose Lopes, Patricia dos Santos Vigario, Marcio Puglia Souza, Helcio Figueiredo da Costa, Lilian Ramiro Felicio	2008-000X,2008-7209	3	1.0	0.183	B1	2018-03-11	2023-01-15	2018-03-11	2023-01-16	1	2018-03-11	3819	10.5812	Briefland	1	Crossref	43	43	3	Orthopedics and Sports Medicine	journal-article	9	Asian J Sports Med	NA	NA	NA	http://dx.doi.org/10.5555/crossmark_policy	NA	NA	NA	NA
Dynamic-Mechanical Performance of Sponge Gourd Fiber Reinforced Polyester Composites	10.4028/www.scientific.net/msf.869.203	http://dx.doi.org/10.4028/www.scientific.net/msf.869.203	NA	Materials Science Forum	NA	NA	NA	2016	NA	NA	NA	NA	NA	NA	NA	NA	NA	NA	NA	NA	NA	FALSE	Verônica Scarpini Cândido, Michel Picanço Oliveira, Sergio Neves Monteiro	1662-9752	1	1.0	0.185	B3	2016-08-31	2021-01-12	2016-08	2022-04-04	NA	2016-08	2457	10.4028	Trans Tech Publications, Ltd.	1	Crossref	0	0	1	Mechanical Engineering,Mechanics of Materials,Condensed Matter Physics,General Materials Science	journal-article	869	MSF	NA	NA	203-208	NA	NA	NA	NA	NA
EDUCAÇÃO AMBIENTAL E INTERDISCIPLINARIDADE SABERES PRÁTICOS E TEÓRICOS NO PROCESSO DE ENSINO-APRENDIZAGEM	10.15202/1981996x.2017v11n4p8	http://dx.doi.org/10.15202/1981996x.2017v11n4p8	NA	Semioses	NA	NA	NA	2017	NA	NA	NA	NA	NA	NA	NA	NA	NA	NA	NA	NA	NA	TRUE	Alexandre De Jesus Pereira, Reis Friede, Fábio Narduchi, Maria Geralda de Miranda	1981-996X	0	NA	NA	B3	2017-12-28	2017-12-28	2017-12-26	2022-04-04	4	2017-12-26	7456	10.15202	Sociedade Unificada de Ensino Augusto Motta -UNISUAM	1	Crossref	0	0	0	General Medicine	journal-article	11	NA	NA	NA	NA	NA	NA	NA	NA	NA
Efficacy of Ultraviolet-C Light to Eliminate <i>S</i>
                        <i>taphylococcus Aureus</i>
 on Precooked Shredded Bullfrog Back Meat	10.1111/jfs.12178	http://dx.doi.org/10.1111/jfs.12178	NA	Journal of Food Safety	NA	NA	NA	2015	NA	NA	NA	NA	NA	NA	NA	NA	NA	NA	NA	NA	NA	FALSE	H.L.A. Silva, M.P. Costa, B.S. Frasao, E.F.M. Mesquita, S.C.R.P. Mello, C.A. Conte-Junior, R.M. Franco, Z.B. Miranda	0149-6085	9	4.7	0.435	A4	2015-03-11	2021-07-06	2015-03-11	2022-12-21	3	2015-03-11	311	10.1111	Wiley	1	Crossref	26	26	9	Microbiology,Food Science,Parasitology	journal-article	35	J Food Saf	2015-08	en	318-323	NA	Portico	<i>Staphylococcus Aureus</i>
 Reduction in Bullfrog Meat	NA	NA
eNOS gene haplotype is indirectly associated with the recovery of cardiovascular autonomic modulation from exercise	10.1016/j.autneu.2014.09.001	http://dx.doi.org/10.1016/j.autneu.2014.09.001	NA	Autonomic Neuroscience	NA	NA	NA	2014	NA	NA	NA	NA	NA	NA	NA	NA	NA	NA	NA	NA	NA	FALSE	Bruno M. Silva, Thales C. Barbosa, Fabricia J. Neves, Allan K. Sales, Natalia G. Rocha, Renata F. Medeiros, Felipe S. Pereira, Vinicius P. Garcia, Fabiane T. Cardoso, Antonio C.L. Nobrega	1566-0702	0	4.3	0.69	A3	2014-09-09	2022-04-16	NA	2022-04-16	NA	2014-12	78	10.1016	Elsevier BV	1	Crossref	51	51	0	Cellular and Molecular Neuroscience,Neurology (clinical),Endocrine and Autonomic Systems	journal-article	186	Autonomic Neuroscience	2014-12	en	77-84	http://dx.doi.org/10.1016/elsevier_cm_policy	NA	NA	NA	NA
Estádio do Maracanã: percepções a partir da reestruturação arquitetônica de 2010	10.1016/j.rbce.2018.01.006	http://dx.doi.org/10.1016/j.rbce.2018.01.006	NA	Revista Brasileira de Ciências do Esporte	NA	NA	NA	2018	NA	NA	NA	NA	NA	NA	NA	NA	NA	NA	NA	NA	NA	TRUE	Ana Beatriz Correia de Oliveira Tavares, Sebastião Josué Votre, Silvio de Cassio Costa Telles, Fabiano Pries Devide	0101-3289	0	0.7	0.216	B1	2018-02-03	2020-01-02	NA	2022-03-31	2	2018-04	530	10.1590	FapUNIFESP (SciELO)	1	Crossref	17	17	0	Physical Therapy, Sports Therapy and Rehabilitation,Health (social science)	journal-article	40	Revista Brasileira de Ciências do Esporte	2018-04	pt	205-212	http://dx.doi.org/10.1016/elsevier_cm_policy	NA	NA	NA	NA
ESTÁDIO DO MARACANÃ: UM ESTUDO COMPARATIVO ENTRE AS REPRESENTAÇÕES SOCIAIS DOS TORCEDORES SOBRE O ANTIGO E O NOVO LUGAR DO FUTEBOL	10.22456/1982-8918.75681	http://dx.doi.org/10.22456/1982-8918.75681	NA	Movimento (ESEFID/UFRGS)	NA	NA	NA	2018	NA	NA	NA	NA	NA	NA	NA	NA	NA	NA	NA	NA	NA	TRUE	Ana Beatriz Correia de Oliveira Tavares, Silvio De Cassio Costa Telles, Sebastião Josué Votre	1982-8918,0104-754X	0	0.8	0.233	B1	2018-07-10	2018-07-10	2018-06-24	2022-04-05	2	2018-06-24	9749	10.22456	Universidade Federal do Rio Grande do Sul	1	Crossref	0	0	0	Education	journal-article	24	Movimento	NA	NA	353	NA	NA	NA	NA	NA
Estudo sobre Igualdade de Gênero em uma Escola de Ensino Médio de Comunidade do Rio de Janeiro, RJ	10.17921/2447-8733.2019v20n2p201-209	http://dx.doi.org/10.17921/2447-8733.2019v20n2p201-209	NA	Revista de Ensino, Educação e Ciências Humanas	NA	NA	NA	2019	NA	NA	NA	NA	NA	NA	NA	NA	NA	NA	NA	NA	NA	TRUE	Renata Corrêa Sinimbú Almeida, Maria Geralda De Miranda, Roy Reis Friede, Patricia Maria Dusek, Kátia Eliane Santos Avelar	2447-8733	0	NA	NA	A3	2019-07-04	2019-07-04	2019-06-27	2022-03-30	2	2019-06-27	7245	10.17921	Editora e Distribuidora Educacional	1	Crossref	0	0	0	General Earth and Planetary Sciences,General Engineering,General Environmental Science	journal-article	20	Rev. Ens. Educ. Cienc. Hum.	NA	NA	201	NA	NA	NA	NA	NA
Estudos Etnofarmacológicos de óelos essenciais com atividade larvicida contra o Mosquito Aedes Aegypt	10.15202/1981996x.2017v11n1p86	http://dx.doi.org/10.15202/1981996x.2017v11n1p86	NA	Semioses	NA	NA	NA	2017	NA	NA	NA	NA	NA	NA	NA	NA	NA	NA	NA	NA	NA	TRUE	Diego G. da R. Voris, Carlos H. V. Afonso, Carlos A. C. Almeida Filho, Conceição O. J. Fernandes, Danielle Q. M. Brito, Caroline S. Moraes, Keila S. C. Lima, José B. P. Lima, Maria G. Mirand, Antônio Luis dos Santos Lima, Katia E. S. Avelar, Reis Friede, Antonio L. S. Lima	1981-996X	2	NA	NA	B3	2017-04-22	2017-04-22	2017-04-21	2022-04-06	1	2017-04-21	7456	10.15202	Sociedade Unificada de Ensino Augusto Motta -UNISUAM	1	Crossref	0	0	1	General Medicine	journal-article	11	NA	NA	NA	NA	NA	NA	NA	NA	NA
Exposure Limits and its Applications in Chemical Warfare	10.5935/1984-6835.20140038	http://dx.doi.org/10.5935/1984-6835.20140038	NA	Revista Virtual de Química	NA	NA	NA	2014	NA	NA	NA	NA	NA	NA	NA	NA	NA	NA	NA	NA	NA	TRUE	Erick B. F. Galante, Antônio Luís S. Lima, Tanos C. C. França, Assed N. Haddad	1984-6835	0	0.7	0.151	B2	2014-04-23	2016-11-28	NA	2022-04-02	3	2014	9021	10.21577	Sociedade Brasileira de Quimica (SBQ)	1	Crossref	0	0	0	General Chemistry	journal-article	6	NA	2014	en	NA	NA	NA	NA	NA	NA
Fluorescent Lamp Glass Waste Incorporation into Clay Ceramic: A Perfect Solution	10.1007/s11837-016-1985-z	http://dx.doi.org/10.1007/s11837-016-1985-z	NA	JOM	NA	NA	NA	2016	NA	NA	NA	NA	NA	NA	NA	NA	NA	NA	NA	NA	NA	FALSE	Alline Sardinha Cordeiro Morais, Carlos Maurício Fontes Vieira, Rubén Jesus Sanchez Rodriguez, Sergio Neves Monteiro, Veronica Scarpini Candido, Carlos Luiz Ferreira	1047-4838,1543-1851	9	4.9	0.569	A2	2016-06-17	2017-06-24	2016-06-17	2023-03-09	9	2016-06-17	297	10.1007	Springer Science and Business Media LLC	1	Crossref	58	58	9	General Engineering,General Materials Science	journal-article	68	JOM	2016-09	en	2425-2434	http://dx.doi.org/10.1007/springer_crossmark_policy	NA	NA	NA	NA
Functional anatomy and intestinal morphometry of bullfrog tadpoles subjected to a dietary regime with commercial feeds	10.1590/1413-70542016404001116	http://dx.doi.org/10.1590/1413-70542016404001116	NA	Ciência e Agrotecnologia	NA	NA	NA	2016	NA	NA	NA	NA	NA	NA	NA	NA	NA	NA	NA	NA	NA	TRUE	José Teixeira de Seixas Filho, Silvia Conceição Reis Pereira Mello, Fabiane Toste Cardoso, Rodrigo Otavio Lopes de Souza	1413-7054	1	2.5	0.34	A2	2016-08-20	2017-07-26	NA	2022-04-22	4	2016-08	530	10.1590	FapUNIFESP (SciELO)	1	Crossref	24	24	1	Soil Science,General Veterinary,Agronomy and Crop Science,Animal Science and Zoology,Food Science	journal-article	40	Ciênc. agrotec.	2016-08	NA	464-474	NA	NA	NA	NA	NA
Granite Waste from Diamond Wire Sawing Addition into Concrete for Civil Construction	10.4028/www.scientific.net/msf.820.503	http://dx.doi.org/10.4028/www.scientific.net/msf.820.503	NA	Materials Science Forum	NA	NA	NA	2015	NA	NA	NA	NA	NA	NA	NA	NA	NA	NA	NA	NA	NA	FALSE	Leonardo Gonçalves Pedroti, Carlos Maurício Fontes Vieira, Jonas Alexandre, Gustavo de Castro Xavier, Verônica Scarpini Candido, Sergio Neves Monteiro	1662-9752	3	1.0	0.185	B3	2015-06-26	2021-01-12	2015-06	2023-03-09	NA	2015-06	2457	10.4028	Trans Tech Publications, Ltd.	1	Crossref	9	9	3	Mechanical Engineering,Mechanics of Materials,Condensed Matter Physics,General Materials Science	journal-article	820	MSF	NA	NA	503-508	NA	NA	NA	NA	NA
Histopathological aspects of the liver of free-living and farmed bullfrogs (Lithobates catesbeianus)	10.1590/s1806-92902017000400001	http://dx.doi.org/10.1590/s1806-92902017000400001	NA	Revista Brasileira de Zootecnia	NA	NA	NA	2017	NA	NA	NA	NA	NA	NA	NA	NA	NA	NA	NA	NA	NA	TRUE	José Teixeira de Seixas Filho, Claudio Barberini Camargo Filho, Marcelo Maia Pereira, Ana Maria Cristina Rebello Pinto da Fonseca Martins, Oswaldo Pinto Ribeiro Filho, Sílvia Conceição Reis Pereira Mello, Luara Lucena Cassiano, Marcio Hipolito	1516-3598	5	1.8	0.292	A2	2017-06-10	2017-06-20	NA	2022-03-30	4	2017-04	530	10.1590	FapUNIFESP (SciELO)	1	Crossref	23	23	5	Animal Science and Zoology	journal-article	46	R. Bras. Zootec.	2017-04	NA	275-279	NA	NA	NA	NA	NA
Identification of Sulfur and Nitrogen Mustards by GC/FPD/NPD-MS	10.5935/1984-6835.20140039	http://dx.doi.org/10.5935/1984-6835.20140039	NA	Revista Virtual de Química	NA	NA	NA	2014	NA	NA	NA	NA	NA	NA	NA	NA	NA	NA	NA	NA	NA	TRUE	Roberto B. Sousa, Paulo F. P. M. Alves, Samir F. Cavalcante, Leandro B. Bernardo, Cíntia C. Barros, Cintia N. Ferreira, Antonio L. S. Lima	1984-6835	2	0.7	0.151	B2	2014-04-23	2016-11-28	NA	2022-12-10	3	2014	9021	10.21577	Sociedade Brasileira de Quimica (SBQ)	1	Crossref	0	0	2	General Chemistry	journal-article	6	NA	2014	en	NA	NA	NA	NA	NA	NA
IGUALDADE DE PODER ENTRE HOMENS E MULHERES: REFLEXÕES A PARTIR DA AGENDA 2030 DA ONU	10.30749/2594-8261.v2n2p245-257	http://dx.doi.org/10.30749/2594-8261.v2n2p245-257	NA	Lex Cult: Revista do CCJF	NA	NA	NA	2018	NA	NA	NA	NA	NA	NA	NA	NA	NA	NA	NA	NA	NA	TRUE	Maria Geralda De Miranda, Débora Coqui, Patrícia Maria Dusek, Kátia Eliane Santos Avelar	2594-8261	0	NA	NA	B2	2018-10-15	2018-10-17	2018-09-05	2022-04-05	2	2018-09-05	12201	10.30749	Centro Cultural Justica Federal	1	Crossref	0	0	0	NA	journal-article	2	Lex Cult	NA	NA	245	NA	NA	NA	NA	NA
IMPACTO DAS COMUNIDADES DE POBREZA RELATIVA NOS MANGUEZAIS:  TRABALHADORES DA PESCA ARTESANAL INVISÍVEIS	10.15202/1981896.2018v23n46p157	http://dx.doi.org/10.15202/1981896.2018v23n46p157	NA	Revista Augustus	NA	NA	NA	2018	NA	NA	NA	NA	NA	NA	NA	NA	NA	NA	NA	NA	NA	FALSE	José Teixeira De Seixas Filho, Sílvia Conceição Reis Pereira Mello, Rafael Antunes Da Silva, André Luiz Reis Gracio	1981-1896	1	NA	NA	NA	2018-12-18	2018-12-18	2018-12-06	2022-10-15	46	2018-12-06	7456	10.15202	Sociedade Unificada de Ensino Augusto Motta -UNISUAM	1	Crossref	0	0	1	General Medicine	journal-article	23	revistaaugustus	NA	NA	157-167	NA	NA	NA	NA	NA
IMPACTOS ECONÔMICOS DO DESASTRE DA SAMARCO	10.30749/2594-8261.v2n1p153-168	http://dx.doi.org/10.30749/2594-8261.v2n1p153-168	NA	Lex Cult: Revista do CCJF	NA	NA	NA	2018	NA	NA	NA	NA	NA	NA	NA	NA	NA	NA	NA	NA	NA	TRUE	Fabiano Martins Carvalho Dos Santos, Hugo Almeida Carlos Satiro, Paulo César Encarnação, Maria Geralda De Miranda	2594-8261	0	NA	NA	B2	2018-10-17	2018-10-17	2018-05-29	2022-04-06	1	2018-05-29	12201	10.30749	Centro Cultural Justica Federal	1	Crossref	0	0	0	NA	journal-article	2	Lex Cult	NA	NA	153	NA	NA	NA	NA	NA
Impactos socioambientais do turismo na Ilha Grande–RJ	10.21879/faeeba2358-0194.2018.v27.n52.p101-121	http://dx.doi.org/10.21879/faeeba2358-0194.2018.v27.n52.p101-121	NA	Revista da FAEEBA - Educação e Contemporaneidade	NA	NA	NA	2018	NA	NA	NA	NA	NA	NA	NA	NA	NA	NA	NA	NA	NA	TRUE	Gercton Bernardo Coitinho, Maria Geralda Miranda, Reis Friede	2358-0194,0104-7043	0	NA	NA	A2	2018-08-31	2021-05-06	2018-08-31	2022-04-03	52	2018-08-31	9345	10.21879	Revista da FAEEBA	1	Crossref	0	0	0	General Earth and Planetary Sciences,General Environmental Science	journal-article	27	Rev. FAEEBA - Educ. e Contemp.	NA	NA	101-121	NA	NA	NA	NA	NA
IMPLANTAÇÃO DE ATIVIDADES DE BRIGADA DE INCÊNDIO NA UNIDADE ESCOLAR	10.15202/1981996x.2018v12n1p100	http://dx.doi.org/10.15202/1981996x.2018v12n1p100	NA	Semioses	NA	NA	NA	2018	NA	NA	NA	NA	NA	NA	NA	NA	NA	NA	NA	NA	NA	FALSE	Ivan Gaspar, Katherine Bittencourt Mendes Leitão, André Luiz Tenório Rezende	1981-996X	0	NA	NA	B3	2018-05-30	2019-09-12	2018-05-29	2022-04-05	1	2018-05-29	7456	10.15202	Sociedade Unificada de Ensino Augusto Motta -UNISUAM	1	Crossref	0	0	0	General Medicine	journal-article	12	Semioses	NA	NA	100-113	NA	NA	NA	NA	NA
IMPORTANCE OF THE NUMERICAL SIMULATION IN A SOLAR CHIMNEY ANALYSIS	10.15202/1981996x.2017v11n4p1	http://dx.doi.org/10.15202/1981996x.2017v11n4p1	NA	Semioses	NA	NA	NA	2017	NA	NA	NA	NA	NA	NA	NA	NA	NA	NA	NA	NA	NA	TRUE	Filipe Alcântara Soares, Priscila Pires Araújo, André Luiz Tenório Rezende	1981-996X	0	NA	NA	B3	2017-12-28	2017-12-28	2017-12-26	2022-03-31	4	2017-12-26	7456	10.15202	Sociedade Unificada de Ensino Augusto Motta -UNISUAM	1	Crossref	0	0	0	General Medicine	journal-article	11	NA	NA	NA	NA	NA	NA	NA	NA	NA
Improvement of Clay Ceramic Properties by Glass Polishing Sludge Incorporation	10.4028/www.scientific.net/msf.820.432	http://dx.doi.org/10.4028/www.scientific.net/msf.820.432	NA	Materials Science Forum	NA	NA	NA	2015	NA	NA	NA	NA	NA	NA	NA	NA	NA	NA	NA	NA	NA	FALSE	Juliana Simões Chagas Licurgo, Carlos Mauricio Fontes Vieira, Veronica Scarpini Candido, Sergio Neves Monteiro	1662-9752	1	1.0	0.185	B3	2015-06-26	2021-01-12	2015-06	2022-04-07	NA	2015-06	2457	10.4028	Trans Tech Publications, Ltd.	1	Crossref	23	23	1	Mechanical Engineering,Mechanics of Materials,Condensed Matter Physics,General Materials Science	journal-article	820	MSF	NA	NA	432-437	NA	NA	NA	NA	NA
In vitro evaluation of neutral oximes as reactivators of parathion-inhibited electric eel acetylcholinesterase	10.14429/dlsj.2.10723	http://dx.doi.org/10.14429/dlsj.2.10723	NA	Defence Life Science Journal	NA	NA	NA	2017	NA	NA	NA	NA	NA	NA	NA	NA	NA	NA	NA	NA	NA	FALSE	Joselia A. Lima, Laura P.A.N. Cavalcanti, Alcino P. Aguiar, Claudia M. Rezende, Keila S.C. Lima, Antonio L.S. Lima	2456-0537,2456-379X	1	0.9	0.158	B4	2017-12-22	2018-01-16	2017-08-03	2022-04-06	3	2017-08-03	5551	10.14429	Defence Scientific Information and Documentation Centre	1	Crossref	0	0	1	General Pharmacology, Toxicology and Pharmaceutics,General Agricultural and Biological Sciences,General Biochemistry, Genetics and Molecular Biology	journal-article	2	Def. Life. Sc. Jl.	NA	NA	363	NA	NA	NA	NA	NA
Influence of Martensitic Transformation on the Fatigue of Low Temperature Metastable Stainless Steel	10.4028/www.scientific.net/msf.869.405	http://dx.doi.org/10.4028/www.scientific.net/msf.869.405	NA	Materials Science Forum	NA	NA	NA	2016	NA	NA	NA	NA	NA	NA	NA	NA	NA	NA	NA	NA	NA	FALSE	Sergio Neves Monteiro, Verônica Scarpini Cândido, Luis Carlos da Silva, Frederico Muylaert Margem	1662-9752	0	1.0	0.185	B3	2016-08-31	2021-01-12	2016-08	2022-04-02	NA	2016-08	2457	10.4028	Trans Tech Publications, Ltd.	1	Crossref	0	0	0	Mechanical Engineering,Mechanics of Materials,Condensed Matter Physics,General Materials Science	journal-article	869	MSF	NA	NA	405-410	NA	NA	NA	NA	NA
Influence of Stem Cell Therapy on Thyroid Function and Reactive Oxygen Species Production in Diabetic Rats	10.1055/a-0588-7944	http://dx.doi.org/10.1055/a-0588-7944	NA	Hormone and Metabolic Research	NA	NA	NA	2018	NA	NA	NA	NA	NA	NA	NA	NA	NA	NA	NA	NA	NA	FALSE	Diorney da Silva, Mariana de Freitas, Gustavo Cahil, Vitória de São José, Felippe Neto, Ricardo Cardoso, Vânia da Costa, Rodrigo Fortunato, Denise de Carvalho, Emiliano Medei, Andrea Ferreira	0018-5043,1439-4286	0	4.8	0.579	B1	2018-04-05	2018-04-05	2018-04-05	2022-04-06	04	2018-04	194	10.1055	Georg Thieme Verlag KG	1	Crossref	0	0	0	Biochemistry (medical),Clinical Biochemistry,Endocrinology,Biochemistry,General Medicine,Endocrinology, Diabetes and Metabolism	journal-article	50	Horm Metab Res	2018-04	en	331-339	NA	NA	NA	NA	NA
JUSTIÇA AMBIENTAL EM PROL DOS RESIDUOS INDUSTRIAIS	10.15202/1981996x.2015v9n1p67	http://dx.doi.org/10.15202/1981996x.2015v9n1p67	NA	Semioses	NA	NA	NA	2016	NA	NA	NA	NA	NA	NA	NA	NA	NA	NA	NA	NA	NA	TRUE	Alexandre Jesus Pereira, Katia Eliane dos Santos Avelar, Antonio Luis dos Santos Lima, Roy Reis Friede, Maria Geralda de Miranda	1981-996X	0	NA	NA	B3	2016-03-28	2016-03-28	2016-03-24	2022-03-31	1	2016-03-24	7456	10.15202	Sociedade Unificada de Ensino Augusto Motta -UNISUAM	1	Crossref	0	0	0	General Medicine	journal-article	9	NA	NA	NA	NA	NA	NA	NA	NA	NA
Measurement of the Inactivation of Ochratoxin by Gamma Radiation. An example of the Potential use of Ionizing Radiation in decontamination of chemical agents	10.5935/1984-6835.20140047	http://dx.doi.org/10.5935/1984-6835.20140047	NA	Revista Virtual de Química	NA	NA	NA	2014	NA	NA	NA	NA	NA	NA	NA	NA	NA	NA	NA	NA	NA	TRUE	Monique Cardozo, Stefânia Priscila de Souza, Tanos C. C. França, Claudia M. Rezende, Angelo C. Pinto, Antônio L. dos Santos Lima, Keila dos S. Cople Lima	1984-6835	0	0.7	0.151	B2	2014-04-23	2016-11-28	NA	2022-04-04	3	2014	9021	10.21577	Sociedade Brasileira de Quimica (SBQ)	1	Crossref	0	0	0	General Chemistry	journal-article	6	NA	2014	en	NA	NA	NA	NA	NA	NA
Metabolomics of Physical Exercise: A Powerful Assessment Tool	10.21577/1984-6835.20180084	http://dx.doi.org/10.21577/1984-6835.20180084	NA	Revista Virtual de Química	NA	NA	NA	2018	NA	NA	NA	NA	NA	NA	NA	NA	NA	NA	NA	NA	NA	TRUE	Celso S. Sasaqui, Keila S. C. Lima, Roberto B. Sousa, Nicolis A. de Araújo, José Carlos C. S. Pinto, Anna P. Pierucci, Antonio Luís S. Lima	1984-6835	1	0.7	0.151	B2	2018-11-13	2018-12-13	2018	2022-03-31	5	2018	9021	10.21577	Sociedade Brasileira de Quimica (SBQ)	1	Crossref	0	0	1	General Chemistry	journal-article	10	Rev. Virtual Quim.	NA	NA	1207-1224	NA	NA	NA	NA	NA
Microstructural Analysis of Clayey Ceramics Incorporated with Fluorescent Lamp Glass Waste	10.4028/www.scientific.net/msf.820.468	http://dx.doi.org/10.4028/www.scientific.net/msf.820.468	NA	Materials Science Forum	NA	NA	NA	2015	NA	NA	NA	NA	NA	NA	NA	NA	NA	NA	NA	NA	NA	FALSE	Thais Mardegan Louzada, Alline Sardinha Cordeiro Morais, Carlos Mauricio Fontes Vieira, Veronica Scarpini Candido, Sergio Neves Monteiro	1662-9752	1	1.0	0.185	B3	2015-06-26	2021-01-12	2015-06	2022-04-04	NA	2015-06	2457	10.4028	Trans Tech Publications, Ltd.	1	Crossref	16	16	1	Mechanical Engineering,Mechanics of Materials,Condensed Matter Physics,General Materials Science	journal-article	820	MSF	NA	NA	468-473	NA	NA	NA	NA	NA
Mycotoxins and their Potential as Warfare Agents	10.5935/1984-6835.20140046	http://dx.doi.org/10.5935/1984-6835.20140046	NA	Revista Virtual de Química	NA	NA	NA	2014	NA	NA	NA	NA	NA	NA	NA	NA	NA	NA	NA	NA	NA	TRUE	Marcelo C. dos Santos, Roberto B. Sousa, Sérgio Eduardo M. Oliveira, Keila S. C. Lima, Antônio Luiz S. Lima	1984-6835	0	0.7	0.151	B2	2014-04-23	2016-11-28	NA	2022-04-04	3	2014	9021	10.21577	Sociedade Brasileira de Quimica (SBQ)	1	Crossref	0	0	0	General Chemistry	journal-article	6	NA	2014	en	NA	NA	NA	NA	NA	NA
NEUROANATOMIA E COMUNICAÇÃO	10.30749/2594-8261.v3n2p182-198	http://dx.doi.org/10.30749/2594-8261.v3n2p182-198	NA	Lex Cult Revista do CCJF	NA	NA	NA	2019	NA	NA	NA	NA	NA	NA	NA	NA	NA	NA	NA	NA	NA	FALSE	Daniella Cavalcante Antunes, Kátia Eliane Santos Avelar, Reis Friede	2594-8261	0	NA	NA	B2	2020-05-14	2020-05-14	2019-10-10	2022-03-29	2	2019-10-10	12201	10.30749	Centro Cultural Justica Federal	1	Crossref	0	0	0	NA	journal-article	3	LexCult	NA	NA	182	NA	NA	NA	NA	NA
O DEFICIENTE VISUAL E A EDUCAÇÃO INCLUSIVA	10.15202/1981996x.2018v12n4p58	http://dx.doi.org/10.15202/1981996x.2018v12n4p58	NA	Semioses	NA	NA	NA	2018	NA	NA	NA	NA	NA	NA	NA	NA	NA	NA	NA	NA	NA	FALSE	Elaine Souza Da Silva, Maria Geralda De Miranda, Reis Friede, Patricia Maria Dusek, Kátia Eliane Santos Avelar	1981-996X	0	NA	NA	B3	2018-12-19	2019-09-12	2018-12-19	2022-04-06	4	2018-12-19	7456	10.15202	Sociedade Unificada de Ensino Augusto Motta -UNISUAM	1	Crossref	0	0	0	General Medicine	journal-article	12	Semioses	NA	NA	58-76	NA	NA	NA	NA	NA
O DESENVOLVIMENTO LOCAL SOB A PERSPECTIVA DO TRABALHO: UM ESTUDO DE CASO DA FÁBRICA DE TECIDOS DE BANGU	10.15202/1981996x.2018v12n2p83	http://dx.doi.org/10.15202/1981996x.2018v12n2p83	NA	Semioses	NA	NA	NA	2018	NA	NA	NA	NA	NA	NA	NA	NA	NA	NA	NA	NA	NA	FALSE	Gercton Bernardo Coitinho, Ana Christina Tavares Martins, Maria Geralda De Miranda, Patricia Maria Dusek, Kátia Eliane Santos Avelar	1981-996X	0	NA	NA	B3	2018-09-06	2018-09-06	2018-07-27	2022-04-04	2	2018-07-27	7456	10.15202	Sociedade Unificada de Ensino Augusto Motta -UNISUAM	1	Crossref	0	0	0	General Medicine	journal-article	12	Semioses	NA	NA	83-96	NA	NA	NA	NA	NA
O ESPORTE SOCIAL COMO INSTRUMENTO DE DESENVOLVIMENTO LOCAL: ANÁLISE DA EXPECTATIVA DE JOVENS DO INSTITUTO IRMÃOS NOGUEIRA SOB A INFLUÊNCIA DA MÍDIA	10.15202/1981996x.2018v12n1p1	http://dx.doi.org/10.15202/1981996x.2018v12n1p1	NA	Semioses	NA	NA	NA	2018	NA	NA	NA	NA	NA	NA	NA	NA	NA	NA	NA	NA	NA	FALSE	Raphael Luz, Felipe Da Silva Triani, José Teixeira de Seixas Filho, Jorge Felipe Fonseca Moreira (Columá)	1981-996X	0	NA	NA	B3	2018-05-30	2019-09-12	2018-05-25	2022-04-01	1	2018-05-25	7456	10.15202	Sociedade Unificada de Ensino Augusto Motta -UNISUAM	1	Crossref	0	0	0	General Medicine	journal-article	12	Semioses	NA	NA	1-13	NA	NA	NA	NA	NA
O ESTADO DA ARTE DA REPRESA RIBEIRÃO DAS LAJES	10.15202/10.15202/1981-996x.2016v10n1p71	http://dx.doi.org/10.15202/10.15202/1981-996x.2016v10n1p71	NA	Semioses	NA	NA	NA	2016	NA	NA	NA	NA	NA	NA	NA	NA	NA	NA	NA	NA	NA	TRUE	Luana Vasconcelos Barbosa, Erik Terra Abrantes, José Teixeira De Seixas Filho	1981-996X	1	NA	NA	B3	2016-09-23	2016-11-16	2016-09-23	2022-04-03	1	2016-09-23	7456	10.15202	Sociedade Unificada de Ensino Augusto Motta -UNISUAM	1	Crossref	0	0	1	General Medicine	journal-article	10	NA	NA	NA	NA	NA	NA	NA	NA	NA
O ESTADO DA ARTE DO RESERVATÓRIO JAGUARI NO ABASTECIMENTO DA CIDADE DO RIO DE JANEIRO	10.15202/1981996x.2015v9n2p12	http://dx.doi.org/10.15202/1981996x.2015v9n2p12	NA	Semioses	NA	NA	NA	2016	NA	NA	NA	NA	NA	NA	NA	NA	NA	NA	NA	NA	NA	TRUE	Ana Lucia Soares, Roselena Montenegro dos Anjos Machado, José Teixeira de Seixas Filho	1981-996X	0	NA	NA	B3	2016-04-25	2016-04-25	2016-04-06	2022-04-02	2	2016-04-06	7456	10.15202	Sociedade Unificada de Ensino Augusto Motta -UNISUAM	1	Crossref	0	0	0	General Medicine	journal-article	9	NA	NA	NA	NA	NA	NA	NA	NA	NA
O Impacto dos Produtos Domissanitários na Saúde da População do Complexo do Alemão – Rio de Janeiro	10.5935/0104-8899.20150025	http://dx.doi.org/10.5935/0104-8899.20150025	NA	Química Nova na Escola	NA	NA	NA	2015	NA	NA	NA	NA	NA	NA	NA	NA	NA	NA	NA	NA	NA	FALSE	Rodrigo Otavio L. de Souza, José T. de Seixas Filho, Maria Geralda de Miranda, Francisco Moysés de Carvalho Neto	0104-8899	0	NA	NA	A2	2015-07-15	2016-11-28	NA	2022-04-02	2	2015	9021	10.21577	Sociedade Brasileira de Quimica (SBQ)	1	Crossref	0	0	0	Pharmacology (medical)	journal-article	37	NA	2015	en	NA	NA	NA	NA	NA	NA
OBSOLESCÊNCIA PROGRAMADA DAS PROFISSÕES NA ERA TECNOLÓGICA: O SURGIMENTO DO NEOPENSADOR	10.15202/1981996x.2017v11n4p47	http://dx.doi.org/10.15202/1981996x.2017v11n4p47	NA	Semioses	NA	NA	NA	2017	NA	NA	NA	NA	NA	NA	NA	NA	NA	NA	NA	NA	NA	TRUE	Paulo Ricardo Oliveira da Salgueiro, Kátia Eliane Santos Avelar, Maria Geralda de Miranda, Antonio Luís dos Santos Lima	1981-996X	0	NA	NA	B3	2017-12-27	2017-12-27	2017-12-26	2022-03-30	4	2017-12-26	7456	10.15202	Sociedade Unificada de Ensino Augusto Motta -UNISUAM	1	Crossref	0	0	0	General Medicine	journal-article	11	NA	NA	NA	NA	NA	NA	NA	NA	NA
Os efeitos da terapia do riso sobre as atividades instrumentais da vida diária na concepção de indivíduos idosos	10.22408/reva12201754141-154	http://dx.doi.org/10.22408/reva12201754141-154	NA	Revista Valore	NA	NA	NA	2017	NA	NA	NA	NA	NA	NA	NA	NA	NA	NA	NA	NA	NA	TRUE	Rafael dos Santos, José Teixeira de Seixas Filho, Maria Auxiliadora Terra Cunha, Felipe da Silva Triani, Jorge Felipe Columá	2526-043X,2525-9008	0	NA	NA	B2	2017-08-03	2023-05-16	2017-08-02	2023-05-17	1	2017-08-02	9701	10.22408	Instituto de Cultura Tecnica Sociedade Civil Ltda	1	Crossref	32	32	0	Industrial and Manufacturing Engineering,Surfaces, Coatings and Films	journal-article	2	REVA	NA	NA	141-154	NA	NA	NA	NA	NA
Oxidative stress biomarkers after a single maximal test in blind and non-blind soccer players	10.23736/s0022-4707.18.08030-1	http://dx.doi.org/10.23736/s0022-4707.18.08030-1	NA	The Journal of Sports Medicine and Physical Fitness	NA	NA	NA	2019	NA	NA	NA	NA	NA	NA	NA	NA	NA	NA	NA	NA	NA	FALSE	Diego Viana Gomes, Patricia Santos Vigário, Bruna K. Lima Piazera, Filipe Pereira Costa, Mario Vaisman, Veronica Salerno Pinto	0022-4707,1827-1928	1	3.3	0.496	A4	2019-01-21	2022-09-10	NA	2022-09-10	2	2019-01	17149	10.23736	Edizioni Minerva Medica	1	Crossref	38	38	1	Physical Therapy, Sports Therapy and Rehabilitation,Orthopedics and Sports Medicine	journal-article	59	J Sports Med Phys Fitness	2019-01	NA	NA	NA	NA	NA	NA	NA
Performance of Precursor Materials and Fired Ceramics for Structural Blocks	10.4028/www.scientific.net/msf.820.13	http://dx.doi.org/10.4028/www.scientific.net/msf.820.13	NA	Materials Science Forum	NA	NA	NA	2015	NA	NA	NA	NA	NA	NA	NA	NA	NA	NA	NA	NA	NA	FALSE	Neila Gondim Azeredo, Euzébio Barnabé Zanelato, Jonas Alexandre, Afonso Rangel Garcez de Azevedo, Gustavo de Castro Xavier, Veronica Scarpini Candido, Sergio Neves Monteiro	1662-9752	1	1.0	0.185	B3	2015-06-26	2021-01-12	2015-06	2022-03-29	NA	2015-06	2457	10.4028	Trans Tech Publications, Ltd.	1	Crossref	16	16	1	Mechanical Engineering,Mechanics of Materials,Condensed Matter Physics,General Materials Science	journal-article	820	MSF	NA	NA	13-17	NA	NA	NA	NA	NA
POLÍTICAS PÚBLICAS ARQUIVÍSTISTICAS: ACESSO SUSTENTÁVEL À INFORMAÇÃO	10.15202/1981996x.2015v9n1p88	http://dx.doi.org/10.15202/1981996x.2015v9n1p88	NA	Semioses	NA	NA	NA	2016	NA	NA	NA	NA	NA	NA	NA	NA	NA	NA	NA	NA	NA	TRUE	Valdete Barros Barbosa, Rafael Reis Pereira Bandeira de Mello, Rodrigo Otavio Lopes de Souza, Silvia Conceição Reis Pereira Mello	1981-996X	0	NA	NA	B3	2016-03-28	2016-03-28	2016-03-24	2022-04-06	1	2016-03-24	7456	10.15202	Sociedade Unificada de Ensino Augusto Motta -UNISUAM	1	Crossref	0	0	0	General Medicine	journal-article	9	NA	NA	NA	NA	NA	NA	NA	NA	NA
POLÍTICAS PÚBLICAS E INICIATIVAS SOLIDÁRIAS DE FOMENTO À LEITURA	10.15202/1981996x.2017v11n4p55	http://dx.doi.org/10.15202/1981996x.2017v11n4p55	NA	Semioses	NA	NA	NA	2017	NA	NA	NA	NA	NA	NA	NA	NA	NA	NA	NA	NA	NA	TRUE	Edna Parizze de Viveiros, Vera Aparecida Monteiro da Silva Abrantes, Kátia Eliane Santos Avelar, Maria Geralda de Miranda	1981-996X	0	NA	NA	B3	2017-12-27	2017-12-27	2017-12-26	2022-04-05	4	2017-12-26	7456	10.15202	Sociedade Unificada de Ensino Augusto Motta -UNISUAM	1	Crossref	0	0	0	General Medicine	journal-article	11	NA	NA	NA	NA	NA	NA	NA	NA	NA
Por uma nova ética ambiental	10.1590/s1413-41522015020000114401	http://dx.doi.org/10.1590/s1413-41522015020000114401	NA	Engenharia Sanitaria e Ambiental	NA	NA	NA	2015	NA	NA	NA	NA	NA	NA	NA	NA	NA	NA	NA	NA	NA	TRUE	Edna Parizzi de Viveiros, Maria Geralda de Miranda, Ana Maria Pires Novaes, Kátia Eliane Santos Avelar	1413-4152	4	0.8	0.185	A4	2015-11-14	2017-05-23	NA	2023-06-11	3	2015-09	530	10.1590	FapUNIFESP (SciELO)	1	Crossref	17	17	4	Waste Management and Disposal	journal-article	20	Eng. Sanit. Ambient.	2015-09	NA	331-336	NA	NA	NA	NA	NA
Pozzolanic Activity of Wastes from Fired Clay Ceramic Industry for Incorporation into Concrete	10.4028/www.scientific.net/msf.820.515	http://dx.doi.org/10.4028/www.scientific.net/msf.820.515	NA	Materials Science Forum	NA	NA	NA	2015	NA	NA	NA	NA	NA	NA	NA	NA	NA	NA	NA	NA	NA	FALSE	Mateus de Souza Furriel Dias, Leonardo Gonçalves Pedroti, Carlos Mauricio Fontes Vieira, Sérgio Neves Monteiro, Gustavo de Castro Xavier, Verônica Scarpini Candido	1662-9752	0	1.0	0.185	B3	2015-06-26	2021-01-12	2015-06	2022-04-02	NA	2015-06	2457	10.4028	Trans Tech Publications, Ltd.	1	Crossref	13	13	0	Mechanical Engineering,Mechanics of Materials,Condensed Matter Physics,General Materials Science	journal-article	820	MSF	NA	NA	515-519	NA	NA	NA	NA	NA
Protagonismo infantil na educação física: uma experiência pedagógica com a capoeira	10.21814/rpe.7123	http://dx.doi.org/10.21814/rpe.7123	NA	Revista Portuguesa de Educação	NA	NA	NA	2016	NA	NA	NA	NA	NA	NA	NA	NA	NA	NA	NA	NA	NA	TRUE	Rodrigo Lema Del Rio Martins, Wagner Dos Santos, André Da Silva Mello, Sebastião Josué Votre	2183-0452,0871-9187	1	0.5	0.211	A1	2016-12-14	2018-06-07	2016-12-14	2023-05-30	2	2016-12-14	9283	10.21814	University of Minho	1	Crossref	0	0	1	Education	journal-article	29	RPE	NA	NA	59	NA	NA	NA	NA	NA
QUALIDADE DO SÊMEN DE RÃ-TOURO EM DIFERENTES DOSAGENS DE HORMÔNIO, TEMPOS DE COLETA E DE RESFRIAMENTO	10.15202/1981996x.2017v11n2p35	http://dx.doi.org/10.15202/1981996x.2017v11n2p35	NA	Semioses	NA	NA	NA	2017	NA	NA	NA	NA	NA	NA	NA	NA	NA	NA	NA	NA	NA	FALSE	Marcelo Maia Pereira, Silvia Conceição Reis Pereira de Mello, Jose Teixeira de Seixas Filho, William Nascimento Silva	1981-996X	0	NA	NA	B3	2017-10-31	2017-10-31	2017-10-27	2022-04-02	2	2017-10-27	7456	10.15202	Sociedade Unificada de Ensino Augusto Motta -UNISUAM	1	Crossref	0	0	0	General Medicine	journal-article	11	NA	NA	NA	NA	NA	NA	NA	NA	NA
Quality index method (QIM) and quantitative descriptive analysis (QDA) of Nile tilapia (Oreochromis niloticus) quality indices	10.5897/ajar2015.9565	http://dx.doi.org/10.5897/ajar2015.9565	NA	African Journal of Agricultural Research	NA	NA	NA	2016	NA	NA	NA	NA	NA	NA	NA	NA	NA	NA	NA	NA	NA	TRUE	Pacheco Rodrigues Tatiana, Teixeira Marsico Eliane, Maia Franco Robson, Concei ccedil atilde o Reis Pereira Mello Silvia, Costa Soares Ivone, Oliveira Cavalcanti Zuniga Natalia, Queiroz de Freitas Monica	1991-637X	4	NA	NA	B3	2016-01-22	2017-06-24	2016-01-21	2023-04-17	3	2016-01-21	3908	10.5897	Academic Journals	1	Crossref	40	40	4	General Agricultural and Biological Sciences	journal-article	11	Afr. J. Agric. Res.	NA	NA	209-216	http://dx.doi.org/10.5897/crossmark_policy	NA	NA	NA	NA
Quantification and Characterization of the Main Components of the Ethanolic Extract of Indian Cloves,<i>Syzygium aromaticum</i>[I] Merr. et Perry	10.5935/1984-6835.20140086	http://dx.doi.org/10.5935/1984-6835.20140086	NA	Revista Virtual de Química	NA	NA	NA	2014	NA	NA	NA	NA	NA	NA	NA	NA	NA	NA	NA	NA	NA	TRUE	Raphael S. Affonso, Bruno Lessa, Glaucia B. C. A. Slana, Larissa L. Barboza, Fernanda V. de Almeida, Antônio Luiz S. Lima, Felipe R. de Souza, Tanos C. C. França	1984-6835	4	0.7	0.151	B2	2014-10-29	2016-11-28	NA	2022-04-05	5	2014	9021	10.21577	Sociedade Brasileira de Quimica (SBQ)	1	Crossref	0	0	4	General Chemistry	journal-article	6	NA	2014	en	NA	NA	NA	NA	NA	NA
REGIME ALIMENTAR DE GIRINOS DE RÃ TOURO	10.5216/cab.v14i1.16049	http://dx.doi.org/10.5216/cab.v14i1.16049	NA	Ciência Animal Brasileira	NA	NA	NA	2013	NA	NA	NA	NA	NA	NA	NA	NA	NA	NA	NA	NA	NA	TRUE	José T. de Seixas Filho, Rodrigo Diana Navarro, Silvana L. Ribeiro Garcia, Ana Carolina Da S. Santos	1809-6891,1518-2797	2	0.7	0.171	B1	2013-04-01	2021-02-13	2013-03-27	2022-04-05	1	2013-03-27	530	10.1590	FapUNIFESP (SciELO)	1	Crossref	0	0	2	General Veterinary,Animal Science and Zoology	journal-article	14	Ci. Anim. Bras.	NA	NA	NA	NA	NA	NA	NA	NA
RESÍDUOS SÓLIDOS URBANOS (RSU): UMA ANÁLISE DO SETOR ENERGÉTICO EM ASCENSÃO COM BASE NO IMPACTO AMBIENTAL E NA QUALIDADE DE VIDA	10.33081/formacao.v27i51.6794	http://dx.doi.org/10.33081/formacao.v27i51.6794	NA	Formação (Online)	NA	NA	NA	2020	NA	NA	NA	NA	NA	NA	NA	NA	NA	NA	NA	NA	NA	TRUE	Helen Gonçalves Romeiro Ferreira, Gustavo Malavota Pedroso, Rodrigo Gomes Alves, Gustavo Monnerat Cahli, Sílvia Conceição Reis Pereira Mello	2178-7298,1517-543X	0	NA	NA	A3	2020-08-26	2020-08-26	2020-08-25	2022-03-29	51	2020-08-25	18537	10.33081	Revista Formacao	1	Crossref	0	0	0	Microbiology	journal-article	27	RF	NA	NA	NA	NA	NA	NA	NA	NA
RESÍDUOS SÓLIDOS: RESPONSABILIDADE COMPARTILHADA	10.15202/1981996x.2015v9n2p77	http://dx.doi.org/10.15202/1981996x.2015v9n2p77	NA	Semioses	NA	NA	NA	2016	NA	NA	NA	NA	NA	NA	NA	NA	NA	NA	NA	NA	NA	TRUE	Marcio Barreto dos Santos Garcia, João Lanzellotti Neto, Jaqueline Guimarães Mendes, Flavia Miranda de Freitas Xerfan, Carlos Alexandre Bastos de Vasconcellos, Roy Reis Friede	1981-996X	2	NA	NA	B3	2016-04-25	2016-04-25	2016-04-06	2023-04-28	2	2016-04-06	7456	10.15202	Sociedade Unificada de Ensino Augusto Motta -UNISUAM	1	Crossref	0	0	2	General Medicine	journal-article	9	NA	NA	NA	NA	NA	NA	NA	NA	NA
Reutilization of Glycerol Derived from Biodiesel Production Using HPW-Based Catalysts Supported on Niobium for Obtention of Additives	10.5935/1984-6835.20140087	http://dx.doi.org/10.5935/1984-6835.20140087	NA	Revista Virtual de Química	NA	NA	NA	2014	NA	NA	NA	NA	NA	NA	NA	NA	NA	NA	NA	NA	NA	TRUE	Claudia V. Lacerda, Rodrigo Otávio L. de Souza, Nadine Essayem, Wilma A. Gonzalez	1984-6835	1	0.7	0.151	B2	2014-10-29	2016-11-28	NA	2022-04-04	5	2014	9021	10.21577	Sociedade Brasileira de Quimica (SBQ)	1	Crossref	0	0	1	General Chemistry	journal-article	6	NA	2014	en	NA	NA	NA	NA	NA	NA
Ricin and the Chemical Weapons Convention in Brazil	10.5935/1984-6835.20140045	http://dx.doi.org/10.5935/1984-6835.20140045	NA	Revista Virtual de Química	NA	NA	NA	2014	NA	NA	NA	NA	NA	NA	NA	NA	NA	NA	NA	NA	NA	TRUE	Roberto B. Sousa, Sérgio Eduardo M. de Oliveira, Marcelo C. dos Santos, Keila S. C. Lima, Antônio Luiz S. Lima	1984-6835	0	0.7	0.151	B2	2014-04-23	2016-11-28	NA	2022-04-06	3	2014	9021	10.21577	Sociedade Brasileira de Quimica (SBQ)	1	Crossref	0	0	0	General Chemistry	journal-article	6	NA	2014	en	NA	NA	NA	NA	NA	NA
RIO CARIOCA: SUA HISTÓRIA E SUA DEGRADAÇÃO	10.15202/1981996x.2016v10n3p69	http://dx.doi.org/10.15202/1981996x.2016v10n3p69	NA	Semioses	NA	NA	NA	2016	NA	NA	NA	NA	NA	NA	NA	NA	NA	NA	NA	NA	NA	TRUE	Mariana Da Silva Ogeda, Thais Ramos da Araújo, José Teixeira de Seixas Filho	1981-996X	0	NA	NA	B3	2016-12-26	2016-12-26	2016-12-26	2022-03-30	3	2016-12-26	7456	10.15202	Sociedade Unificada de Ensino Augusto Motta -UNISUAM	1	Crossref	0	0	0	General Medicine	journal-article	10	NA	NA	NA	NA	NA	NA	NA	NA	NA
Rosiclea Campos no judô feminino brasileiro	10.1590/0104-026x2015v23n2p409	http://dx.doi.org/10.1590/0104-026x2015v23n2p409	NA	Revista Estudos Feministas	NA	NA	NA	2015	NA	NA	NA	NA	NA	NA	NA	NA	NA	NA	NA	NA	NA	TRUE	Gabriela Conceição de Souza, Sebastião Josué Votre, Maria Claudia Pinheiro, Fabiano Pries Devide	0104-026X	1	0.6	0.293	A1	2015-05-20	2019-08-25	NA	2022-03-29	2	2015-08	530	10.1590	FapUNIFESP (SciELO)	1	Crossref	35	35	1	Gender Studies	journal-article	23	Rev. Estud. Fem.	2015-08	NA	409-429	NA	NA	NA	NA	NA
Seroprevalence of and risk factors for leptospirosis in the City of Manaus, State of Amazonas, Brazil	10.1590/0037-8682-0115-2016	http://dx.doi.org/10.1590/0037-8682-0115-2016	NA	Revista da Sociedade Brasileira de Medicina Tropical	NA	NA	NA	2016	NA	NA	NA	NA	NA	NA	NA	NA	NA	NA	NA	NA	NA	TRUE	Luciete Almeida Silva, Kátia Maria da Silva Lima, Ormezinda Celeste Cristo Fernandes, Ilana Teruszkin Balassiano, Kátia Eliane Santos Avelar, Michele Silva de Jesus	0037-8682	3	2.9	0.421	B1	2016-10-29	2017-05-23	NA	2022-04-04	5	2016-10	530	10.1590	FapUNIFESP (SciELO)	1	Crossref	15	15	3	Infectious Diseases,Microbiology (medical),Parasitology	journal-article	49	Rev. Soc. Bras. Med. Trop.	2016-10	NA	628-631	NA	NA	NA	NA	NA
Special Effects in Deformation Mechanism Maps for Austenitic Stainless Steels	10.4028/www.scientific.net/msf.869.543	http://dx.doi.org/10.4028/www.scientific.net/msf.869.543	NA	Materials Science Forum	NA	NA	NA	2016	NA	NA	NA	NA	NA	NA	NA	NA	NA	NA	NA	NA	NA	FALSE	Sergio Neves Monteiro, Frederico Muylaert Margem, Lucas Tedesco Bolzan, George Lobo Nobre Fernandes, Verônica Scarpini Cândido	1662-9752	0	1.0	0.185	B3	2016-08-31	2021-01-12	2016-08	2022-04-05	NA	2016-08	2457	10.4028	Trans Tech Publications, Ltd.	1	Crossref	0	0	0	Mechanical Engineering,Mechanics of Materials,Condensed Matter Physics,General Materials Science	journal-article	869	MSF	NA	NA	543-549	NA	NA	NA	NA	NA
Study of a Typical Soil Used for Concrete Bricks in Miracema, State of Rio de Janeiro, Brazil	10.4028/www.scientific.net/msf.820.40	http://dx.doi.org/10.4028/www.scientific.net/msf.820.40	NA	Materials Science Forum	NA	NA	NA	2015	NA	NA	NA	NA	NA	NA	NA	NA	NA	NA	NA	NA	NA	FALSE	Niander Aguiar Cerqueira, Jonas Alexandre, Afonso Rangel Garcez de Azevedo, Gustavo de Castro Xavier, Veronica Scarpini Candido, Carlos Maurício Fontes Vieira, Sergio Neves Monteiro	1662-9752	0	1.0	0.185	B3	2015-06-26	2022-05-15	2015-06	2022-05-15	NA	2015-06	2457	10.4028	Trans Tech Publications, Ltd.	1	Crossref	10	10	0	Mechanical Engineering,Mechanics of Materials,Condensed Matter Physics,General Materials Science	journal-article	820	MSF	NA	NA	40-45	NA	NA	NA	NA	NA
Sugarcane bagasse waste in composites for multilayered armor	10.1016/j.eurpolymj.2016.03.031	http://dx.doi.org/10.1016/j.eurpolymj.2016.03.031	NA	European Polymer Journal	NA	NA	NA	2016	NA	NA	NA	NA	NA	NA	NA	NA	NA	NA	NA	NA	NA	FALSE	Sergio N. Monteiro, Veronica S. Candido, Fabio O. Braga, Lucas T. Bolzan, Ricardo P. Weber, Jaroslaw W. Drelich	0014-3057	72	9.6	0.884	A1	2016-03-22	2018-09-14	NA	2023-06-27	NA	2016-05	78	10.1016	Elsevier BV	1	Crossref	38	38	72	Organic Chemistry,Polymers and Plastics,General Physics and Astronomy,Materials Chemistry	journal-article	78	European Polymer Journal	2016-05	en	173-185	http://dx.doi.org/10.1016/elsevier_cm_policy	NA	NA	NA	NA
TÉCNICA DE FERTILIZAÇÃO ARTIFICIAL DE ANFÍBIOS ANUROS	10.15202/1981996x.2017v11n2p40	http://dx.doi.org/10.15202/1981996x.2017v11n2p40	NA	Semioses	NA	NA	NA	2017	NA	NA	NA	NA	NA	NA	NA	NA	NA	NA	NA	NA	NA	FALSE	William Nascimento Silva, Marianna Severo de Souza, Elaine Da Conceição Pinto de Oliveira, Marcelo Maia Pereira, Jose Teixeira de Seixas Filho, Silvia Conceição Reis Pereira Mello	1981-996X	0	NA	NA	B3	2017-10-31	2017-10-31	2017-10-27	2022-04-03	2	2017-10-27	7456	10.15202	Sociedade Unificada de Ensino Augusto Motta -UNISUAM	1	Crossref	0	0	0	General Medicine	journal-article	11	NA	NA	NA	NA	NA	NA	NA	NA	NA
Tensile Behavior of Epoxy Composites Reinforced with Thinner Fibers of Sugarcane Bagasse	10.4028/www.scientific.net/msf.869.221	http://dx.doi.org/10.4028/www.scientific.net/msf.869.221	NA	Materials Science Forum	NA	NA	NA	2016	NA	NA	NA	NA	NA	NA	NA	NA	NA	NA	NA	NA	NA	FALSE	Verônica Scarpini Cândido, Sergio Neves Monteiro	1662-9752	2	1.0	0.185	B3	2016-08-31	2021-01-12	2016-08	2023-01-16	NA	2016-08	2457	10.4028	Trans Tech Publications, Ltd.	1	Crossref	0	0	2	Mechanical Engineering,Mechanics of Materials,Condensed Matter Physics,General Materials Science	journal-article	869	MSF	NA	NA	221-226	NA	NA	NA	NA	NA
The challenging case of the turbulent flow around a thin plate wind deflector, and its numerical prediction by LES and RANS models	10.1016/j.jweia.2014.07.007	http://dx.doi.org/10.1016/j.jweia.2014.07.007	NA	Journal of Wind Engineering and Industrial Aerodynamics	NA	NA	NA	2014	NA	NA	NA	NA	NA	NA	NA	NA	NA	NA	NA	NA	NA	FALSE	Luiz Eduardo B. Sampaio, André Luiz T. Rezende, Angela O. Nieckele	0167-6105	8	8.1	1.207	A2	2014-08-09	2019-12-03	NA	2022-11-21	NA	2014-10	78	10.1016	Elsevier BV	1	Crossref	22	22	8	Mechanical Engineering,Renewable Energy, Sustainability and the Environment,Civil and Structural Engineering	journal-article	133	Journal of Wind Engineering and Industrial Aerodynamics	2014-10	en	52-64	http://dx.doi.org/10.1016/elsevier_cm_policy	NA	NA	NA	NA
The Effect of Phase Transformation on the Tensile Fracture of Austenitic Stainless Steel	10.4028/www.scientific.net/msf.869.508	http://dx.doi.org/10.4028/www.scientific.net/msf.869.508	NA	Materials Science Forum	NA	NA	NA	2016	NA	NA	NA	NA	NA	NA	NA	NA	NA	NA	NA	NA	NA	FALSE	Verônica Scarpini Cândido, Sergio Neves Monteiro	1662-9752	1	1.0	0.185	B3	2016-08-31	2021-01-12	2016-08	2022-04-03	NA	2016-08	2457	10.4028	Trans Tech Publications, Ltd.	1	Crossref	0	0	1	Mechanical Engineering,Mechanics of Materials,Condensed Matter Physics,General Materials Science	journal-article	869	MSF	NA	NA	508-513	NA	NA	NA	NA	NA
THE LEGAL SYSTEM OF THE BRAZILIAN SPELEOLOGICAL PATRIMONY	10.15202/1981996x.2016v10n2p60	http://dx.doi.org/10.15202/1981996x.2016v10n2p60	NA	Semioses	NA	NA	NA	2016	NA	NA	NA	NA	NA	NA	NA	NA	NA	NA	NA	NA	NA	TRUE	André Carlos Carlos, Reis Freire, Kátia Eliane Santos Avelar, Maria Geralda De Miranda	1981-996X	0	NA	NA	B3	2016-11-11	2016-11-14	2016-11-14	2022-04-03	2	2016-11-14	7456	10.15202	Sociedade Unificada de Ensino Augusto Motta -UNISUAM	1	Crossref	0	0	0	General Medicine	journal-article	10	NA	NA	NA	NA	NA	NA	NA	NA	NA
THE PROTECTION OF THE ENVIRONMENT IN THE BRAZILIAN SUPREME FEDERAL COURT: ANALYSIS OF REAL CASES	10.15202/1981996x.2016v10n3p78	http://dx.doi.org/10.15202/1981996x.2016v10n3p78	NA	Semioses	NA	NA	NA	2016	NA	NA	NA	NA	NA	NA	NA	NA	NA	NA	NA	NA	NA	TRUE	Reis Friede	1981-996X	0	NA	NA	B3	2016-12-26	2016-12-26	2016-12-26	2022-03-30	3	2016-12-26	7456	10.15202	Sociedade Unificada de Ensino Augusto Motta -UNISUAM	1	Crossref	0	0	0	General Medicine	journal-article	10	NA	NA	NA	NA	NA	NA	NA	NA	NA
Uma avaliação do Programa Bolsa Família	10.20435/inter.v19i4.1764	http://dx.doi.org/10.20435/inter.v19i4.1764	NA	Interações (Campo Grande)	NA	NA	NA	2018	NA	NA	NA	NA	NA	NA	NA	NA	NA	NA	NA	NA	NA	TRUE	Sara Verônica de Avelar Dias Dantas, Maria Geralda de Miranda, Patricia Maria Dusek, Kátia Eliane Santos Avelar	1984-042X	2	NA	NA	A3	2018-10-17	2020-09-09	2018-10-05	2022-04-04	NA	2018-10-05	8337	10.20435	Universidade Catolica Dom Bosco	1	Crossref	0	0	2	NA	journal-article	NA	Inter	NA	NA	713-726	NA	NA	NA	NA	NA
Utilização do Conhecimento no Desenvolvimento Econômico:	10.18472/sustdeb.v7n1.2016.16190	http://dx.doi.org/10.18472/sustdeb.v7n1.2016.16190	NA	Sustainability in Debate	NA	NA	NA	2016	NA	NA	NA	NA	NA	NA	NA	NA	NA	NA	NA	NA	NA	TRUE	Robson da Silva Teixeira, Rodrigo Otavio Lopes de Souza	2179-9067,2177-7675	0	0.8	0.202	B2	2016-04-30	2022-09-16	2016-04-30	2022-09-17	1	2016-04-30	7730	10.18472	Editora de Livros IABS	1	Crossref	0	0	0	Management, Monitoring, Policy and Law,Development	journal-article	7	SustDeb	NA	NA	107-120	NA	NA	análise de empresas de tecnologia da informação com  foco na economia sustentável	NA	NA
Work Hardening and Microstructural Effect during Dynamic Deformation of Polycrystalline Copper	10.4028/www.scientific.net/msf.869.538	http://dx.doi.org/10.4028/www.scientific.net/msf.869.538	NA	Materials Science Forum	NA	NA	NA	2016	NA	NA	NA	NA	NA	NA	NA	NA	NA	NA	NA	NA	NA	FALSE	Sergio Neves Monteiro, Verônica Scarpini Cândido, Fernanda Santos da Luz, Jheison Lopes dos Santos	1662-9752	0	1.0	0.185	B3	2016-08-31	2021-01-12	2016-08	2022-04-02	NA	2016-08	2457	10.4028	Trans Tech Publications, Ltd.	1	Crossref	0	0	0	Mechanical Engineering,Mechanics of Materials,Condensed Matter Physics,General Materials Science	journal-article	869	MSF	NA	NA	538-542	NA	NA	NA	NA	NA
